18976;2
00754;61
27914;14
12560;5
38450;7
03677;1
33362;38
20693;24
02174;9
06411;3
58264;6
21304;5
33823;3
24507;21
12029;19
19870;2
28080;17
00916;27
07017;14
09097;6
47216;8
58402;1
13467;98
26130;102
11713;6
41388;11
18173;31
51061;2
03334;16
12765;75
30668;10
11413;9
40747;11
27849;5
33295;2
06781;3
08173;2
19123;3
53613;9
04370;34
06383;16
03561;43
17714;2
25065;58
58228;1
13345;17
44104;165
00360;32
20151;24
21018;1
23886;12
46521;15
00304;1
56421;2
47147;5
03479;36
03909;48
19109;59
30412;70
57772;3
49327;1
24171;15
50198;11
07175;8
08048;42
50545;49
13754;30
07834;51
57588;5
15553;138
03030;84
51415;5
09719;2
34029;1
02169;68
00627;2
44334;10
38052;7
29208;30
05924;176
55585;1
29291;1
12042;34
07088;27
47568;1
02091;1
48532;19
40548;14
02460;5
19802;1
12291;2
20736;1
57102;6
06652;10
42683;59
02558;6
13862;19
00136;29
16559;2
26295;22
35256;24
42491;12
02406;9
42666;3
21324;3
15863;4
11733;39
00595;5
04196;1
52272;1
57360;3
54930;53
00395;8
04451;55
10872;32
13085;1
33291;18
26367;1
20784;22
09611;6
05405;71
03515;41
24856;5
04002;15
36035;8
41488;14
54038;1
43746;1
51609;43
31371;3
41858;20
24376;6
02116;26
43614;6
05395;3
33873;1
00465;4
06236;1
58386;1
11557;82
06159;11
34712;8
14228;3
12717;1
17275;21
03730;11
19577;3
19051;69
06649;32
33942;1
07801;1
12195;4
09434;5
32877;9
05635;35
44883;1
19443;124
31314;7
40951;9
40573;9
03881;76
03137;220
25828;35
44800;24
23892;27
51401;3
56434;4
55064;3
23863;108
15998;10
11684;47
32508;1
40989;195
52367;4
21885;67
19959;23
10812;21
19485;45
04612;5
04444;99
28810;1
44900;10
20681;1
08108;3
34499;2
26430;4
09503;2
18235;98
45251;13
12771;2
28192;1
40993;1
19143;5
02412;24
10734;1
54190;37
05928;14
16881;14
14749;1
07470;6
10218;57
07516;1
00765;33
26790;2
21104;2
33634;31
24352;9
07106;16
03654;18
58979;1
35294;6
31127;3
20462;18
44751;21
44485;2
28668;1
22739;8
10312;2
41098;38
52338;107
14534;17
38390;4
34922;4
05754;27
05106;274
42688;43
37051;6
03540;7
27057;37
13213;2
02370;1
12280;5
12933;4
23373;6
09561;38
02231;13
08402;36
37652;18
07207;11
21246;12
50797;52
14096;17
00103;45
01633;5
27581;29
47008;2
13798;20
31185;118
30649;3
18114;28
36915;78
11249;3
26586;74
12498;5
19640;2
02915;21
05599;8
42455;56
13559;12
36216;2
20491;1
01806;48
36256;57
50926;6
05209;2
27248;3
25223;47
57125;10
12938;105
52677;20
00096;1
10459;132
30792;9
12108;5
01991;51
24651;48
22486;5
53609;9
19725;5
19400;257
35051;23
03008;7
00254;64
03131;4
04553;36
16424;3
01754;14
06075;71
23307;7
07620;20
21987;14
12486;52
03495;22
12304;5
11800;14
03624;36
33903;23
04674;2
25992;16
24966;9
10154;39
40843;1
40049;6
55836;5
10287;24
31286;16
29997;8
31846;9
05874;17
39234;14
32824;2
16878;11
31399;4
29349;40
38174;1
13572;6
28479;1
58095;8
29039;7
06364;2
13415;64
03342;85
03377;5
00944;1
54353;4
04263;9
47077;5
26602;1
45152;21
00125;7
03934;2
03437;22
09548;3
09808;6
14811;17
10018;9
01339;12
24661;58
00191;19
22912;4
13026;9
27542;45
25328;8
04062;258
44771;14
54687;1
23589;12
13064;11
00503;90
07512;17
17270;1
04660;7
14170;26
56595;2
03542;10
56147;12
05192;78
16498;30
01947;6
02847;34
22966;28
27833;6
04551;10
41457;3
21065;14
05327;10
26968;7
34725;5
29485;5
53767;11
00025;5
33773;12
08248;10
22820;1
03136;67
43529;4
09818;4
26958;58
02744;43
08779;1
39318;7
19347;45
01396;40
22874;13
10813;45
04290;16
25815;33
25936;1
02009;9
04356;13
25120;28
36282;2
35641;3
15546;3
41797;3
58090;3
09814;9
48478;1
06310;25
03153;27
01356;24
28073;19
57395;50
17616;58
01108;25
03233;30
19566;68
20937;78
09401;19
18782;6
11945;31
11087;92
18719;121
00759;231
20351;19
02420;6
29458;21
05002;62
04259;29
14601;24
20325;36
35423;2
05261;14
45129;7
59415;3
09399;2
07027;9
02702;14
04932;34
00626;4
31805;40
01573;17
25798;18
10062;6
02691;12
06450;32
19142;14
41066;18
00698;3
04663;12
57809;1
21915;11
01443;28
24701;11
17597;3
08261;2
05133;2
43683;14
03115;41
03576;63
37989;19
23843;12
05887;32
15772;28
34027;10
36800;33
28348;44
00501;116
02570;13
08455;76
00430;29
22447;26
57807;4
45342;3
51641;59
20496;10
08597;10
04720;3
54202;3
51336;17
43466;25
27916;23
01093;29
54077;2
57265;6
36106;5
06442;57
07526;16
03747;1
52190;10
02363;33
58258;3
40374;46
13517;14
32418;30
14752;9
03253;14
01057;12
06237;1
19464;18
02187;12
07988;19
22983;19
01121;11
52554;1
02144;2
13851;11
17150;72
02087;4
52797;35
15434;1
06368;12
23169;2
07746;1
40516;21
38176;14
58260;1
27685;25
54145;5
38028;9
51635;2
12172;8
00427;12
38414;5
09252;140
09466;96
05968;4
36883;6
32913;1
07845;30
49629;7
05964;167
31035;46
06623;22
45585;13
18821;2
09226;13
13619;3
49835;1
21825;15
20686;1
54096;28
07984;48
13270;10
26712;1
11564;12
03278;4
48473;22
05050;26
44966;119
30186;3
06506;3
10262;4
07403;15
12044;22
07026;18
22706;1
06664;11
44530;3
42211;2
15897;98
02297;121
23305;3
02230;86
34619;2
01638;14
07013;12
21248;6
29510;8
03160;2
09879;22
40967;76
04683;42
13192;7
50910;2
05409;29
07015;12
57069;10
40309;1
24630;28
29739;17
13315;12
02167;35
33257;1
04609;141
29592;122
26778;23
02261;9
03856;4
12105;20
00950;17
30738;15
02658;18
21439;11
03592;6
51594;11
14646;2
13879;27
02219;21
06330;21
26509;22
04815;23
11740;125
34504;99
21767;4
20869;33
46810;45
04436;31
11686;22
01390;26
43728;1
28934;1
12504;2
34884;5
10977;37
56128;2
06269;4
01192;7
24698;13
40739;9
26551;4
06098;8
37600;3
57446;2
00702;52
47914;58
30595;75
17229;64
45433;55
03159;15
20202;1
08235;29
12767;24
23114;49
13299;167
04310;4
35169;30
34994;17
57712;4
03174;4
39665;14
22642;5
32397;11
33024;13
04876;46
40853;47
31799;76
14428;1
52086;10
03614;19
16612;40
03759;1
01315;97
39279;6
19083;59
01641;61
39130;196
11141;20
28674;5
58501;5
56686;89
04142;208
00761;193
44681;6
05590;124
54488;11
33638;14
48080;7
29142;3
27093;3
21657;1
38664;12
05892;7
05272;43
03262;3
39361;1
00878;5
01112;7
23655;1
38824;3
07126;193
05283;39
29271;17
12417;45
33147;11
03486;85
08076;31
31111;14
26942;64
31145;9
01162;12
21955;25
03896;17
11102;2
16328;15
07961;19
13528;33
32764;2
07459;23
37366;7
02329;65
37589;19
15946;18
01029;11
27114;5
03295;49
15423;39
37068;1
23242;7
00608;9
09831;111
22830;28
33288;20
12004;29
58188;2
17122;2
26636;20
03448;23
16023;17
10875;47
10786;12
26980;20
09621;58
02814;40
03549;5
05712;3
10870;60
01923;1
20106;2
58158;9
14190;7
21352;16
33583;17
10918;4
08896;18
12144;22
35854;3
22596;9
46759;10
24120;15
33526;1
55378;1
30170;10
04419;25
24874;70
02305;18
27884;7
37365;3
54688;59
35219;3
09786;32
33339;1
10211;4
07290;4
07790;47
25733;1
26990;51
05412;17
45981;10
54510;6
34868;40
56539;15
49408;3
54541;1
38375;24
11059;9
14017;15
14202;73
08399;17
05121;27
09757;20
01686;10
02741;2
23877;29
01788;157
07400;22
46958;1
00160;8
20292;28
11643;5
41294;8
18838;2
53786;17
14100;2
40766;9
54830;1
02128;45
08525;54
00433;103
06601;5
09190;25
21486;5
25283;4
04230;202
03404;28
13734;7
20563;2
23774;4
01772;1
40530;14
01135;18
20848;4
19457;9
11787;48
18122;9
56190;2
00932;17
33393;10
24836;1
31191;37
25259;5
02111;32
21386;12
56279;5
55803;14
17323;1
00821;8
15858;4
45220;12
37811;49
20121;4
00252;24
34100;6
19441;61
25887;3
04082;31
03606;24
12742;10
09188;96
26931;180
16423;29
01751;2
36195;1
17528;10
06785;1
10491;8
03293;120
16027;16
26852;18
04034;62
05438;12
48120;10
36363;47
21397;15
03552;5
55241;17
56629;3
03352;18
36343;7
25337;1
03520;2
15380;11
35087;33
54243;5
12788;1
12851;33
38157;33
06554;16
25280;1
57757;2
03914;1
21617;5
12199;1
16370;24
55831;2
12459;9
01626;24
26317;10
41922;51
04144;7
55499;1
01301;34
00852;11
56662;6
07674;1
25708;26
42213;47
03476;32
07803;3
21138;10
03307;31
20697;17
27846;38
36925;100
10567;5
54692;2
02163;3
00220;45
03327;7
32647;64
10341;16
35524;3
33485;5
14300;10
05668;4
33595;27
50881;2
11664;5
25107;1
27195;10
01823;32
12264;13
04219;131
05671;14
55280;2
40137;2
02804;13
37800;4
29640;83
57056;2
51760;7
39580;8
00695;3
39368;9
01863;222
02422;17
38146;5
13377;4
01770;33
58166;1
00314;136
08379;3
03680;14
03844;25
02270;198
03607;5
29906;116
19009;21
48272;2
18226;33
17127;9
05445;3
12757;30
47154;10
06700;6
52853;17
24012;6
56598;6
49060;1
23029;79
29550;14
42639;2
27611;71
26648;10
13542;4
59316;1
40496;2
01021;19
15119;102
06742;165
02845;3
01702;6
33813;22
54217;26
19595;6
53324;3
17870;12
48584;12
14384;31
01368;28
05325;220
08069;47
01252;23
55149;6
20183;53
24680;3
33275;4
37917;1
20107;54
11256;13
54862;4
06452;53
04423;36
55942;93
26717;37
00898;3
24638;1
51424;5
05627;37
28070;20
01984;12
40582;19
21544;1
08061;24
18637;9
11103;11
10967;42
02826;3
02684;37
02197;35
03550;13
13637;26
08595;15
05072;14
11652;6
42454;6
06764;24
57393;17
58682;6
09303;10
06833;3
51238;22
50565;12
06858;45
01687;17
40789;17
09923;3
03556;29
26626;5
07957;16
38365;6
15612;201
21232;223
11724;10
16674;41
03982;3
10719;6
41029;4
15127;70
13096;24
07344;1
09360;15
02347;13
06029;107
14931;63
06969;4
22823;10
02529;64
56144;10
05803;23
00853;26
47464;6
33695;10
22903;2
28083;16
15976;6
07127;2
15084;17
04316;15
01820;154
37265;38
09152;42
07075;23
46830;44
07141;9
21247;32
48223;5
04368;1
08791;29
05885;91
00581;1
05318;33
21311;6
57737;12
06787;17
01349;16
34513;14
04364;46
13863;1
02520;47
00991;4
33601;12
17375;2
19992;5
21577;5
21745;29
03303;15
02974;36
38383;18
10466;42
04468;31
16183;25
18800;58
27471;4
09631;26
52222;9
34248;2
27644;23
20690;3
30737;12
53733;88
11279;11
05766;105
03572;57
17712;23
44091;59
13943;24
10080;6
52867;55
52629;3
54901;3
00538;31
58401;1
15771;78
01359;3
25911;72
55772;18
25664;5
03776;17
33473;13
54060;13
44174;1
35012;1
02808;25
32606;17
10035;11
16800;141
06901;4
05580;47
55786;14
14001;5
12988;36
50433;1
02712;3
22636;15
08974;68
32943;13
13844;17
03423;50
00280;146
33292;13
04420;40
09997;25
23658;3
34257;11
15967;7
51871;1
09304;39
34875;15
11776;39
17515;1
04478;25
07929;127
12446;68
58681;3
29205;27
15818;138
10726;17
39565;2
08147;9
06419;2
01361;7
00819;20
42025;11
02546;8
01910;7
05314;6
32676;1
03689;169
57879;6
36092;16
11707;3
02315;55
10506;38
02842;17
04434;10
13166;34
23669;20
05710;5
21733;1
22696;19
05103;7
26102;3
36246;6
24447;44
39864;26
10941;6
03399;25
08534;17
18631;27
09412;2
34929;4
28569;151
04480;18
13913;12
00318;402
02540;44
06677;25
11430;1
45668;2
01745;30
13023;31
04238;13
49658;23
06028;23
11688;38
00741;16
54181;4
07742;11
07616;47
04615;2
44959;20
55208;1
12285;16
41866;9
01157;21
04064;28
08586;48
46278;21
42325;2
28697;12
08285;2
02973;30
09247;100
11721;3
29401;127
21360;32
09299;42
57688;2
01882;92
35359;22
20331;18
08283;34
22028;4
04819;12
00924;15
05759;52
13180;21
06777;4
04672;23
02995;9
06940;11
32790;8
03649;9
01900;7
03009;32
13929;10
41921;1
23756;24
02803;182
10618;19
27055;41
00209;37
20973;3
45799;3
48268;13
08999;12
02512;83
45620;2
07001;18
09199;26
07119;19
08118;11
16242;11
05226;24
18867;15
17326;14
11420;14
05307;12
12847;2
09230;11
03688;35
33065;6
23694;14
02327;50
20280;75
48560;5
51267;12
10789;1
01741;13
18704;1
36982;28
19018;14
54130;2
23390;27
08026;9
19916;11
00824;168
05401;1
38874;6
07404;3
53531;1
05313;14
17857;38
24903;15
53745;23
21044;3
25755;3
02296;82
16532;20
02352;21
06105;1
28600;1
25990;35
29157;2
55799;1
31554;51
06718;416
06733;62
51321;7
02142;2
03872;8
33874;2
29085;26
48375;38
02509;18
02883;12
05862;6
09797;16
22273;6
27148;3
38860;1
05527;259
06387;2
30074;2
17360;12
37938;1
31529;2
03256;15
29585;15
41679;2
11949;11
06493;26
07641;113
02943;35
03510;4
54750;2
04760;40
38096;1
22559;2
23264;32
34327;12
02068;2
14663;8
47479;247
20415;2
32408;2
12998;5
03670;7
39138;1
02309;10
35501;10
07422;55
00965;24
53781;213
26122;27
03087;70
03163;13
49563;13
10291;162
21925;4
52897;9
04309;14
10513;3
39274;7
48275;17
57046;2
55309;29
38200;37
16244;10
26993;66
13698;3
55819;3
19372;4
52175;15
36469;8
19848;15
20912;11
10055;3
21808;2
04249;3
25774;2
04206;44
33468;1
37936;62
17212;20
45903;1
54853;7
13000;32
55372;9
02829;87
04321;2
20354;12
48680;20
05156;1
58865;3
07096;84
06958;104
21859;6
01835;8
39335;11
13965;4
01605;3
12373;2
39689;22
25511;7
04408;10
03673;28
04229;4
09320;54
22170;74
45437;6
17173;71
22578;3
37248;1
05805;25
00492;34
04171;15
03717;14
55752;3
00640;11
10757;27
19298;12
24547;5
55617;3
47796;2
09365;10
04345;17
36119;7
55603;5
09761;17
04741;37
00108;40
20109;12
16096;28
39918;31
55549;5
28902;11
02913;8
10767;3
00388;14
13509;33
48623;15
23470;20
01858;3
02503;71
07846;1
12148;14
01689;24
06403;12
28055;8
12353;2
05704;1
01709;17
06749;8
37854;12
33951;1
45072;1
43565;9
00870;36
00578;6
37458;14
26913;4
42987;11
25014;8
20291;2
38600;40
21366;1
48513;15
20143;1
02727;45
06555;8
12839;5
01291;1
21771;7
54695;1
09380;2
00424;2
44848;59
05544;234
23621;1
19619;29
03396;23
10015;32
30962;18
26679;53
05634;2
18451;63
04069;18
27273;1
28286;11
16655;10
45145;5
14040;3
02626;101
01874;59
15458;143
04791;39
03381;92
40600;2
40610;52
13022;116
55211;2
13534;10
02743;3
37413;38
55035;38
30851;4
09463;36
25823;77
43723;1
30116;28
06414;18
42771;65
01954;4
31125;4
08214;161
30589;5
09567;10
07557;47
11675;11
03439;67
20866;37
20228;4
04547;16
21022;1
40679;28
05141;30
19214;22
34486;27
04167;18
07772;5
29760;22
06766;26
02703;2
04920;7
04030;1
06264;215
00120;17
00359;123
06018;33
55647;28
36928;6
02257;46
27536;2
13442;6
03612;1
15357;30
20859;62
05629;42
35529;2
18051;37
54877;11
35072;1
00483;15
04528;36
52875;4
19556;1
13275;43
12506;6
02575;27
07953;17
29746;6
28230;6
37524;3
16338;49
05361;31
31796;118
10518;11
28404;36
01768;58
47818;6
11938;1
21547;77
06862;101
19044;12
03119;18
19147;4
32951;17
26732;42
15433;49
20240;2
03870;21
03798;7
02459;7
15345;68
16431;6
33625;2
05989;109
06060;22
38747;59
07825;8
09354;1
03331;14
26057;2
53577;1
27484;12
14852;11
41585;56
02039;20
37426;1
04028;32
04414;5
02418;18
45512;6
53610;1
20801;32
22921;41
28961;11
29124;7
03097;4
03355;3
09405;2
05936;32
19620;15
27233;2
15409;13
03942;118
17462;6
07406;271
09652;92
21601;19
20528;1
12099;7
28903;48
27651;20
20070;2
12604;17
50700;1
02189;6
31810;1
40774;22
13731;99
03270;1
17977;5
09331;39
38224;64
02103;14
41576;3
25980;33
08351;8
21402;18
14331;6
10135;1
05461;7
26498;2
19281;3
02987;6
34180;11
41153;4
12047;12
01798;187
50907;70
18676;7
22600;8
11026;48
25255;4
25136;5
00787;29
20345;8
58499;1
51782;33
48972;4
32467;66
31199;12
04298;95
29038;124
58271;1
47708;1
04262;68
14217;10
48508;24
40408;9
49890;41
39750;4
14061;10
25129;5
05873;4
03863;3
09334;1
57659;60
05201;2
37550;18
44604;1
10235;1
09838;5
08686;8
37759;3
17172;5
09813;10
30378;32
25480;38
37534;23
21054;43
32256;16
21212;14
51214;4
02475;5
36300;41
06933;40
48737;2
46259;39
22065;63
07605;12
49758;7
20808;16
19587;22
04021;51
05359;130
16672;21
21291;9
14141;5
40019;20
13255;14
49656;5
00129;22
01880;226
17915;60
31235;5
38905;23
20998;78
54129;11
12447;8
59269;1
21124;86
01092;22
43051;2
58261;2
49046;17
29798;21
13365;47
05126;36
37213;1
37484;12
42725;31
03232;9
19660;33
53260;10
05074;69
47684;115
24777;1
01156;2
03945;35
12173;3
43399;8
05214;97
09755;29
52899;2
34556;10
43971;3
39110;7
02700;79
15972;9
21299;20
30930;4
21332;1
03621;143
34936;14
34450;87
05151;14
04855;38
51286;3
26766;66
04650;75
53993;7
04347;4
07357;4
12312;6
02560;24
22272;1
02882;5
02119;11
33031;3
55113;46
03305;15
07118;40
21973;25
53514;1
46321;4
08845;37
14628;25
33197;7
09083;5
44489;1
06178;21
48066;2
18986;5
28029;2
57811;60
47007;59
57434;30
52783;4
03375;49
28115;40
36038;2
11637;37
51676;1
02325;2
05287;11
32891;52
41229;100
34877;1
03192;27
26604;7
13305;60
20704;1
17433;27
17748;32
20273;81
02593;3
23844;46
42505;3
55352;4
30373;2
32934;8
03219;3
03078;5
33576;28
13835;4
31091;75
47884;1
02268;74
39931;5
05582;34
17197;5
00293;83
13936;7
02549;7
13567;10
13092;50
09047;55
00869;15
56585;5
30313;19
29417;10
06235;21
03000;4
10289;27
39473;10
14996;4
11432;15
29879;50
59310;9
54440;4
54437;7
04254;28
11205;25
13108;93
51232;7
19416;17
17372;5
56700;52
00469;19
35862;133
33216;53
54398;7
13533;2
45478;14
12122;53
16273;1
20762;7
15933;4
28102;149
02074;15
22301;10
16345;11
00889;5
24208;6
06822;8
53045;8
42221;2
27634;4
03026;3
34462;12
28420;10
16299;16
55101;10
20243;10
04534;19
01560;18
10457;19
00564;13
50457;3
33469;3
04059;35
50252;1
58040;11
31292;1
21390;1
41879;33
17174;28
56674;18
54292;20
13866;1
04060;4
15938;12
46638;7
57057;7
55852;1
01317;26
15463;19
02746;107
10082;30
12644;7
10420;48
47922;4
00894;45
58308;8
28454;13
03652;104
02451;22
37078;3
52113;3
31241;51
06547;12
03211;41
11422;53
09200;76
43386;1
27775;15
49587;2
11287;11
36963;4
03519;1
53799;3
29582;21
00400;36
28619;24
02966;100
00730;33
00133;175
23879;7
33494;3
26701;14
12387;1
12796;79
03426;56
07623;2
44353;1
10279;26
50148;1
57771;1
24759;44
05371;6
47132;10
47715;7
12131;9
42907;24
04100;40
11214;10
03414;4
03780;85
38785;8
25167;8
05867;9
50215;6
29109;1
02183;1
05378;12
52243;41
07883;67
57463;220
02506;34
13398;4
05066;7
34827;8
44533;8
02247;22
47578;5
20252;8
02357;32
32727;23
19982;2
04634;102
23930;66
04039;26
31361;5
05380;4
02749;19
34226;33
58615;2
00846;11
32546;6
10344;20
53631;21
55727;1
10992;32
26355;3
24248;30
56244;2
06297;94
31149;2
21111;1
11020;20
19505;2
52098;28
46329;1
02016;35
37273;2
47276;13
25400;18
00850;55
14207;1
07254;57
09264;2
03345;25
00745;6
45896;7
43223;1
07227;12
35972;1
54934;3
04350;39
12086;24
29649;39
28252;13
34531;40
50752;25
32344;13
43015;6
07265;53
08876;23
34510;15
11014;27
26860;11
07861;5
36746;46
11575;16
03474;24
17324;16
16139;5
43281;34
15936;19
39499;30
10755;7
25177;2
30320;1
08565;29
55520;4
27570;2
09183;20
01885;2
57606;1
02295;29
03177;23
10749;15
51561;2
23226;3
04864;13
19367;35
24336;12
27797;6
33617;12
12518;8
03400;19
55604;31
20197;8
16207;4
02737;12
13403;6
53344;4
23849;7
03335;2
39123;2
08874;77
34246;50
47811;2
22062;11
12602;5
47236;33
51393;7
06278;23
09624;3
04861;25
38955;44
14415;21
37763;22
36314;1
58787;12
35688;29
00421;1
13249;6
09906;30
33123;14
57411;6
29973;6
06654;69
20844;8
21451;11
16354;1
58608;2
34328;33
04896;24
30004;74
01683;23
04501;34
02519;11
05883;23
33098;6
25504;5
27495;6
33301;3
28097;28
12230;7
02813;30
14238;74
11036;83
35861;25
21782;3
41491;4
03918;37
18283;20
32803;13
43590;5
02502;386
06860;6
46753;2
08648;73
05022;25
02663;132
09126;3
25200;8
04603;43
13451;18
18158;13
04328;45
07066;56
35819;2
08012;13
33971;80
15664;2
03685;30
29246;150
27004;33
01213;34
27450;9
06057;37
01024;3
31040;3
52358;2
03056;31
33693;1
37428;6
16803;11
00114;60
08736;36
00576;45
06512;3
11121;1
09859;58
02621;97
02336;68
53579;75
10867;7
23156;20
06295;18
42546;30
32566;2
41278;7
28171;1
04495;18
17432;1
15033;33
08324;27
08827;1
55829;13
21152;4
14545;17
36148;18
05931;11
34279;2
35287;4
51099;1
29718;86
07466;40
53271;28
54430;2
48520;70
36673;16
06284;2
30857;9
00434;13
05620;6
17355;9
14808;10
46375;194
16736;14
21336;33
47435;2
13606;7
38686;2
30624;11
24817;12
55578;17
13511;8
08637;18
05818;4
54447;23
08659;46
38376;76
02245;30
05900;17
36776;31
57640;3
51754;4
21650;161
06121;5
04913;22
39142;11
07123;6
05345;150
01019;3
45566;1
35713;1
48913;78
40698;11
42594;6
09645;43
19288;32
52503;2
06573;4
33722;1
38832;22
34851;4
02982;109
05274;8
03264;119
06033;59
10676;82
13502;5
31005;11
05753;2
04961;24
32794;5
46066;75
25180;7
28435;21
01330;1
03921;8
47350;4
57212;4
04590;1
58710;5
55013;30
04291;15
34190;2
08122;20
18315;65
08143;23
06558;26
00197;267
19238;35
30847;7
04795;4
10993;9
06153;17
11515;15
07505;12
28098;34
30705;6
17204;14
23828;52
15217;2
06082;54
12455;6
13843;9
03287;9
48516;3
04271;23
11071;6
02862;29
09066;3
07056;3
25189;99
02355;46
55108;10
00873;18
41314;1
30169;3
15927;5
50818;3
07788;31
37785;12
08000;22
52800;21
39921;3
45525;1
44393;17
18751;3
06246;13
02409;40
36834;7
12002;8
07190;132
13580;7
53129;2
37174;1
09801;25
06676;12
13067;58
13732;6
16015;69
09995;42
45749;9
45369;1
03141;8
03526;40
07915;5
32909;46
59151;3
02880;12
06453;16
56914;3
16916;1
13038;4
03700;45
31916;8
31051;8
33520;1
21117;6
12878;36
33381;9
32054;13
52835;4
46385;9
03603;61
24000;1
58379;6
48883;2
20783;11
09924;1
37573;31
16863;22
21703;8
39779;3
06421;8
12679;40
00429;32
11705;31
02655;113
00473;96
47221;9
27547;20
58025;16
30512;160
57630;51
54306;18
38441;54
17682;37
00537;1
48750;3
28688;5
23583;46
22622;3
28844;53
03852;9
10863;21
47559;1
35737;15
10109;94
02416;42
48027;32
10653;1
43548;7
00945;105
46878;35
01096;32
21106;1
00770;46
11910;64
01728;7
41195;8
26120;18
07384;50
19377;3
09994;47
51412;19
38055;177
53627;17
04488;7
46594;4
03473;20
41352;20
11469;2
51896;28
22336;2
50238;4
19080;1
15174;5
02332;65
03329;16
03992;36
06879;42
52868;5
37359;3
25469;13
00384;901
33129;39
00678;5
44165;55
13401;3
29783;91
51278;10
46872;29
09911;132
23042;36
00244;79
49475;118
24713;1
37389;8
34379;94
05200;11
29534;138
20039;39
04038;28
06410;12
47358;26
18925;30
03496;33
08056;10
19172;115
20153;18
03575;7
27890;13
03880;19
13029;23
27217;1
14137;11
02122;45
55985;8
01088;38
21097;60
32543;175
19255;9
29577;14
54611;51
20997;17
04270;6
21075;37
26118;23
50331;3
12370;5
02878;5
08858;3
16020;30
12269;7
38030;16
11495;5
24244;4
35043;46
58405;7
53377;29
00808;76
01581;40
01073;10
15731;17
53136;3
28361;2
09844;1
02280;55
01155;25
07322;44
05988;51
20140;11
11853;17
02015;105
17168;68
27387;33
27893;6
03428;17
12290;10
57738;4
04236;7
42425;1
04973;150
17257;126
08357;76
11865;36
32390;1
01075;1
26981;89
11860;4
05984;8
57587;4
54946;119
15397;4
30467;15
35651;35
06750;4
55589;2
11380;7
55584;7
06954;2
35151;6
10208;14
12052;2
06655;25
50405;1
48580;1
07982;7
01268;53
02165;30
08533;11
25201;20
42927;19
14173;17
03213;10
06771;17
03951;15
04588;18
20798;25
03699;15
05335;122
08544;77
00170;10
47931;30
04339;3
01905;21
22897;11
22316;20
06378;8
12485;21
46850;1
45511;5
40713;2
02349;19
27656;88
27528;88
04955;1
00966;10
04676;2
34205;22
05927;35
02244;51
57215;15
47852;16
09283;1
57188;41
53947;3
26639;2
02402;20
45655;4
58155;1
12842;21
35495;10
04163;3
00785;3
14301;4
02930;9
20129;96
20787;23
10458;4
02258;23
07158;17
09168;31
13864;2
04148;1
47252;65
39483;47
04545;37
07555;18
30062;23
33800;6
12613;2
02185;133
03465;85
25323;5
18546;5
09754;8
12310;37
00877;88
31225;14
20112;46
12383;10
55198;28
02385;3
47104;4
24922;20
20495;10
24917;2
00866;89
06221;37
02989;23
03490;21
20537;2
48081;2
31721;1
59021;2
07052;24
04042;11
21029;6
07162;8
47087;23
01836;19
05503;19
04540;17
37827;5
14091;4
04195;1
26818;12
03736;1
38780;1
05153;36
12075;5
11775;3
06087;208
14299;10
03623;94
02379;24
14165;2
17789;9
18416;13
26243;2
00357;25
01877;6
00342;38
38092;12
00684;13
57202;2
36144;6
41053;6
48617;4
13876;15
48370;2
09885;3
03979;1
10313;17
54312;19
03130;13
49659;5
47351;1
57796;2
31347;9
01752;13
18346;118
02601;136
33546;5
27619;50
55830;21
03166;1
05432;23
02317;6
04917;2
09954;38
38001;38
23696;8
08616;15
03651;17
18817;24
09832;30
08866;2
45891;3
49130;5
02413;64
16818;38
08136;31
38632;34
36695;66
47564;29
02838;45
07691;20
14057;1
00781;43
01003;2
07754;12
10587;73
35060;3
26844;69
05813;7
41436;23
34577;9
32330;1
01743;1
26442;64
03633;46
02150;33
59471;1
00752;14
27912;9
21082;10
29229;2
55430;3
33554;34
00656;7
05275;3
16846;19
41707;3
09518;13
25888;30
45614;14
28694;1
53074;35
13139;10
47046;1
51059;6
15162;1
25443;10
06603;1
04767;9
02210;57
04145;29
47214;98
01650;9
25790;1
04172;12
42603;16
16715;29
17286;33
10991;9
20601;7
01035;4
01385;28
25884;3
21884;19
24725;114
05028;27
29093;1
02708;13
02108;12
19921;1
40591;3
23255;1
36315;1
38085;2
25336;4
26970;10
10955;1
25029;5
00190;22
00970;3
35111;18
19728;43
58288;2
04605;54
07677;97
09024;129
23626;9
28839;5
36273;4
16577;21
23033;14
29626;1
18585;1
44728;16
19138;70
02725;95
10484;17
02834;13
09310;16
19261;147
47710;35
27684;15
53243;6
26439;140
37235;13
05967;1
12925;2
54663;1
15224;38
05709;42
00148;27
01411;38
04668;7
32640;2
20077;17
01744;5
23835;11
21000;21
57218;1
00997;9
01161;2
12577;1
25231;10
34739;2
04883;106
02551;35
40661;1
21158;25
07733;1
58670;2
25468;18
35071;6
48549;49
55437;3
58447;4
44616;2
00161;9
05512;26
25542;35
08323;13
26152;7
03641;10
28490;1
04077;55
17535;42
04289;11
00452;32
01815;2
54421;1
25507;11
38352;18
09432;3
13537;21
04189;2
27385;81
28506;2
04452;11
23327;7
00599;1
02690;27
18559;26
45971;1
57269;1
34159;119
10066;12
00766;98
39745;1
12154;33
27663;18
15956;39
21033;10
55709;1
11971;25
10949;8
02428;11
55365;14
07545;36
06300;69
27215;28
27145;2
57903;1
32856;2
27367;5
06594;3
27929;1
17121;35
21173;5
58352;11
20062;13
02821;19
13429;92
17668;31
12119;20
01033;1
33032;48
09475;1
20001;4
17087;74
22598;7
11558;29
42949;35
24948;1
44269;32
24493;10
23635;11
33244;22
37804;8
25836;11
36327;25
15823;25
04031;9
25428;3
58094;3
25046;2
32968;8
15147;4
01669;64
57350;2
58956;2
01659;67
16788;28
04296;5
17027;1
07333;16
03850;7
09807;15
36323;4
02392;33
24198;11
12764;2
29132;145
25075;30
04946;17
55324;12
50785;2
07094;43
03587;30
04026;64
31939;17
00438;4
57703;1
38205;1
25306;4
28851;35
37402;33
19954;28
10877;14
13701;11
03897;13
06618;39
02757;9
19809;8
56243;2
58882;1
04816;4
03487;80
20009;33
36632;4
46426;16
30677;2
26039;14
26957;216
44607;27
38229;12
49090;3
13986;2
26495;3
12104;31
51432;140
03710;37
49677;30
26294;1
28929;1
54154;3
12857;9
06271;17
01851;55
24413;43
03504;8
53390;3
03647;90
26651;11
04168;8
03044;6
32413;4
08495;23
09837;6
49232;6
01286;22
41856;4
58068;2
02489;3
37676;20
16171;1
06412;1
19387;4
22071;1
49105;11
58191;3
09710;555
35940;15
02942;9
06015;3
34654;12
53308;28
12843;9
22840;1
18488;13
00415;13
40396;39
36436;2
07296;168
19192;14
20978;5
46794;1
03371;47
01332;29
02516;26
19354;6
05011;6
11796;87
38075;36
11806;13
37528;25
04564;11
38467;19
09810;50
13316;29
03194;46
13973;2
48726;2
00631;39
06808;29
15250;1
27768;1
49952;22
10412;13
06821;60
03184;20
31057;21
02188;34
15965;52
03349;137
36011;13
35128;1
12091;3
31664;1
03051;123
21096;121
02303;139
02031;4
24888;9
29491;44
30407;12
46333;4
00426;30
06884;16
26930;16
00763;2
06388;89
23360;1
07396;22
07991;11
22760;2
10186;39
04080;1
09812;231
17510;19
21450;2
24776;48
38288;46
50817;1
35826;13
04129;19
18197;35
23777;61
37222;40
27299;4
13464;1
33189;49
20672;62
04278;8
23691;27
55974;3
03657;1
23030;7
53099;2
45877;7
27356;18
40785;3
01982;50
36631;5
34536;29
35673;3
37778;27
02969;22
30917;29
21673;5
09887;3
01321;148
33972;21
02851;13
03059;11
01211;12
25295;11
08438;11
14376;10
09467;2
54570;21
25680;24
02774;22
05186;17
24317;15
01653;12
42133;1
33598;24
14297;21
47285;18
42878;1
21559;4
48163;17
37753;34
02313;8
04045;10
05886;6
01357;36
14589;9
56763;3
11991;94
44769;45
12053;12
07053;46
20120;124
02597;37
04043;24
45418;7
33792;78
37232;21
55058;2
10005;1
00661;319
27261;13
04061;42
57532;2
00931;2
01310;115
29679;10
04207;82
06426;99
58163;7
14404;1
57062;7
04659;2
03749;28
01104;74
02017;19
56573;2
00681;5
02972;25
18171;34
31941;6
55351;4
19508;1
38193;50
34540;30
45300;5
04068;1
20054;61
03746;8
23701;8
01753;30
44376;1
48907;1
00122;5
37069;132
18883;21
05822;1
43022;14
08910;1
06615;2
57099;46
42758;30
48505;13
20947;173
03467;57
05477;28
44585;1
04934;18
04828;7
02731;9
03828;5
04579;70
00961;26
13203;6
18418;6
01782;63
07184;6
12161;2
00284;39
20497;30
27205;12
56516;2
00229;36
49778;110
33789;1
23258;147
01495;2
05387;8
01985;6
31154;69
08225;32
37041;41
04957;2
05785;4
12760;3
10060;4
41051;34
12411;1
37285;9
05251;12
35709;8
02899;19
18568;9
20100;39
30640;45
05641;25
12422;80
57096;82
03833;14
54115;20
15986;16
10126;34
11812;4
05312;26
03494;3
52935;1
11930;4
07818;2
05903;55
13969;59
05001;28
00748;20
21418;7
03025;13
18872;7
02203;222
04938;24
21256;2
57492;5
10268;9
02718;7
57204;4
48206;30
09106;12
33851;8
06732;5
07366;17
09346;2
39197;20
06492;132
34182;53
02885;3
39627;1
03283;6
11142;10
02676;30
06203;59
53272;96
05851;15
44913;20
06791;10
04924;26
13917;75
00984;33
19998;15
52884;5
25728;9
05340;145
41861;2
04330;11
26772;78
19250;14
07248;8
03788;55
23012;16
51843;17
08131;9
46856;9
36530;6
02359;20
32712;13
12314;67
39783;3
47744;6
25009;3
03094;3
07022;5
46959;47
51105;18
29932;100
03690;51
05149;11
03027;73
45390;21
05181;38
29466;2
50664;3
19074;30
11586;18
27641;1
32829;1
33043;22
41517;18
38750;166
00390;21
40645;6
27017;26
19086;77
16310;36
04968;22
49000;4
05018;2
38993;3
00317;7
31857;3
41829;89
09660;19
24456;27
03485;18
09935;50
03883;53
33541;5
11804;31
54784;1
55893;10
08092;104
06270;9
19452;10
26867;3
24199;41
06232;45
18931;12
24365;43
10547;6
03708;79
02082;48
59435;1
42034;3
08227;14
00081;1
56068;1
29051;14
52601;10
01693;18
55065;2
27613;16
15795;12
00554;52
06672;33
01766;10
52743;33
58079;4
47696;28
05820;32
53117;3
05382;13
29433;20
29613;371
20148;1
03068;1
27572;18
19116;15
21999;1
57199;9
06730;9
40749;1
38539;3
32619;3
05781;21
03663;3
00833;18
03935;7
05370;5
50715;4
05356;26
27976;16
54268;31
06119;18
53139;1
05550;16
55187;8
44011;104
10398;3
33312;2
52844;55
01279;9
22236;31
25738;2
08777;5
33023;181
51473;2
02535;6
03712;3
16497;211
44141;57
55776;3
09089;39
01299;49
27396;62
42210;3
11196;2
15895;20
57098;1
06625;2
51587;2
28232;13
44457;69
19644;12
54173;23
34194;24
31733;12
33941;5
14723;10
55463;4
46386;11
47372;16
27331;48
26592;8
03731;16
37632;19
07411;12
49024;48
33137;6
09213;12
26780;65
28472;1
33880;36
06195;30
35870;14
20395;11
57716;8
28019;31
00498;26
14304;10
26541;4
02229;39
06488;13
58540;15
17023;1
00526;17
43878;2
19319;30
08522;19
21432;3
45280;49
09043;13
37645;9
08481;36
08851;32
01873;7
57828;2
00353;1
14584;4
04550;16
01352;6
04463;5
55191;1
14618;2
11052;7
02260;17
39397;8
01497;17
06715;24
43906;5
55440;4
54158;6
07065;63
06993;9
12224;3
59148;2
03390;20
01328;77
11255;4
01298;102
17013;7
24785;46
01987;46
33868;48
57650;3
55478;9
02456;121
14562;1
11786;49
03402;12
17521;69
22167;3
00675;76
03129;172
02279;12
27048;26
03058;2
43451;1
34737;93
48810;17
36333;21
10708;1
55363;2
25450;17
38630;19
08972;117
01316;14
52060;127
08117;23
07741;5
28322;1
50783;7
31920;1
03410;55
31109;29
32067;20
50911;29
01703;4
36086;15
07347;10
15493;69
01749;24
07143;3
09959;6
16026;12
39432;54
36337;42
57744;246
39316;1
32808;2
03139;1
42286;9
20414;16
53540;3
09604;35
46347;18
54256;49
31980;58
03325;17
11809;12
15960;61
36001;25
15382;18
26493;1
25643;3
06828;65
45052;6
23888;8
06365;20
06030;31
29596;46
25048;36
58575;3
14378;22
20257;48
35572;9
32643;10
24494;9
54275;1
03861;81
45224;1
47299;1
34055;29
40734;12
01416;105
14204;5
33425;8
52402;62
25543;6
09321;3
58110;6
24408;1
00859;1
10476;1
02410;14
01946;4
24010;2
08679;6
39391;5
19563;6
02117;40
00750;377
08601;9
04859;2
52584;11
21213;39
20365;41
32532;45
06767;1
03994;2
48397;23
30255;6
02137;20
38704;7
00816;6
49192;3
17076;9
15961;9
11789;9
04583;10
40424;5
38936;1
07205;27
00411;13
01319;10
30384;21
37803;4
36028;98
09726;14
49125;13
53989;1
53121;7
44961;17
22201;73
01913;4
18920;1
19168;2
02481;3
26065;1
31387;37
12254;47
24763;5
11389;5
44555;3
16150;17
02562;9
54524;29
02490;6
11814;19
10504;6
11667;2
11583;14
02293;478
44520;8
32965;1
12811;14
22947;88
03969;6
24841;84
05625;83
21786;6
11229;2
46784;3
49738;12
30944;17
13590;1
21210;6
10825;4
42485;11
28101;10
27926;7
04747;14
37605;15
23837;26
00313;18
09767;20
33440;13
04527;142
02449;204
28551;301
57653;1
22378;2
25591;11
00218;15
24179;4
16830;15
28784;39
01668;4
05231;14
05958;15
48030;156
04269;35
53228;6
02302;18
37779;22
29228;1
10490;7
12350;7
26751;4
00183;4
09129;4
04203;29
54308;55
30516;39
20320;46
03887;5
24740;36
04125;14
04863;122
41683;63
26192;15
25415;8
00959;10
15437;2
22042;36
11541;32
53262;1
02576;9
11317;2
37588;11
03620;150
30692;95
44383;28
29975;467
32123;3
06789;71
32516;2
05537;5
03832;202
01700;127
18722;14
33655;14
admin;5
49921;53
03340;43
05504;2
09250;13
05864;47
36875;6
25827;19
01906;6
55946;4
15754;10
20038;16
43530;11
53966;1
12715;57
22030;29
33843;3
25605;18
06919;2
34037;27
29918;1
38034;5
08246;19
27665;1
53404;2
06549;15
52704;30
05385;56
32867;97
06440;10
27549;24
01400;8
31366;133
27254;32
07203;10
09843;20
29414;45
33828;12
04003;1
55576;6
19241;112
00221;3
19462;2
02350;16
05798;76
33452;4
00699;5
21646;506
05541;106
21165;7
27224;10
45600;4
47601;13
06851;55
34763;4
53614;47
48521;22
53560;5
11847;33
27164;58
02368;4
16997;1
33751;7
02441;5
53774;5
58057;1
20130;19
55910;1
13900;7
11168;1
07239;24
15030;10
33712;9
01007;847
06047;1
28170;18
34665;2
30588;3
02271;38
06937;26
01870;32
36904;22
11445;106
02833;37
03855;24
47201;1
36974;1
38944;45
09543;6
01027;10
10285;40
05659;7
03566;24
25369;31
51471;1
01101;1
15815;35
24514;10
10072;8
06380;6
12030;30
01302;51
35860;6
44622;3
10233;26
32865;47
38878;36
22879;10
14142;6
17532;9
12494;7
25359;38
56753;15
04673;21
37766;28
44294;24
00737;3
40992;11
24204;29
32362;28
08387;24
09408;3
27251;55
37249;12
45074;12
03077;26
10784;7
17918;37
23135;1
27427;1
09273;20
18032;12
23612;45
06518;83
08231;17
17439;25
59443;2
22845;88
37086;11
09897;9
59010;1
14548;61
47928;17
07722;9
57684;1
57930;2
20172;7
25697;10
56248;1
00664;47
20503;6
57934;1
09482;4
03049;140
28158;22
41870;3
44719;58
04313;1
17359;118
20909;15
01117;286
19643;5
14690;1
27545;49
06325;9
18865;21
04462;130
26612;17
08110;1
06504;8
38650;18
02242;27
53806;3
07080;1
01130;30
01872;66
55008;3
57872;1
48762;205
06729;25
12845;38
45041;17
05273;3
03797;23
20842;6
06697;1
10907;3
02376;24
02889;22
47468;14
27067;2
57773;9
51622;1
34162;2
14117;5
25513;14
44448;2
26225;3
09406;53
38578;1
13230;1
00432;41
24272;14
56098;98
27282;27
00458;1
35136;1
02777;17
13176;14
44419;8
00648;61
17165;10
15047;21
03143;10
01632;4
12466;88
26841;82
32540;2
03695;11
14673;12
04493;8
05810;47
03558;12
05267;2
26309;43
30474;26
11779;28
22138;21
25802;6
12587;7
06765;108
18972;10
16367;85
03913;13
20357;6
08902;16
04542;78
56312;2
42031;73
55347;4
00958;134
52333;10
57978;16
20035;12
26895;12
01149;27
05092;66
02665;2
32626;3
44247;2
30007;84
10790;46
08267;81
06540;21
14159;5
16841;59
20433;4
16757;49
11098;38
00954;15
11696;1
06644;4
52781;1
12442;83
26734;1
06292;16
06546;23
04336;83
05346;12
25825;19
09537;10
04915;5
04700;20
11566;18
40441;1
42084;9
09014;10
48369;19
36872;6
41872;1
21741;7
03128;16
28436;25
03667;14
05677;1
04624;17
54726;1
11516;5
10054;8
54824;14
06979;6
04515;68
36435;31
52722;4
30033;26
21186;6
20329;99
46828;38
51032;9
13472;3
01869;11
19958;1
02579;4
03171;55
07073;7
21481;16
18373;50
13055;20
08429;28
43380;1
06830;15
01762;59
37259;18
08015;20
16374;1
32337;6
19146;71
29197;19
13657;2
03611;15
02218;71
58078;1
57668;30
24414;35
06279;95
11527;25
10094;13
04019;7
00604;1
30279;3
10168;12
23282;4
27116;2
00875;65
10469;5
42510;4
04314;72
16022;2
22169;32
09868;20
52865;9
17917;14
04557;4
04521;23
11983;2
21155;59
09172;31
53124;55
38742;10
58520;2
42608;10
19064;3
01140;26
44180;11
56902;1
00149;20
18524;3
20581;1
58782;11
06339;22
38305;2
01089;8
02572;7
01444;21
01247;13
24614;50
35982;6
03978;22
02874;2
55915;5
23040;38
05925;5
43008;37
09850;42
33983;1
02335;8
33747;1
50046;6
29900;3
11027;3
53792;28
47258;42
51436;12
43431;13
01028;39
25174;8
53421;27
51279;4
09601;19
18061;129
03968;16
54751;10
04152;43
06575;86
01427;48
01414;17
20371;4
03900;1
27573;7
09010;4
20753;2
01139;59
34402;11
50772;66
11674;1
04584;7
15525;19
52523;2
44164;5
32944;19
49485;1
45647;4
54579;4
02159;14
08952;14
14079;9
13613;34
30106;20
57644;1
15383;7
38989;12
07467;21
09712;2
53012;15
02673;47
34888;1
11118;11
05282;18
27615;1
00740;20
36074;65
03813;11
06054;12
21042;53
19963;19
02044;24
15904;45
07079;13
43777;8
13499;26
02366;2
01695;41
37624;7
47775;8
03991;11
06482;3
48239;11
11444;80
19614;55
03929;26
28298;18
31680;12
05020;110
50402;2
38805;65
05563;5
39021;3
57751;1
03125;260
55329;33
47704;1
05315;56
39678;58
06034;35
05854;64
08045;14
12268;1
22286;25
47478;48
10494;32
29530;82
53834;1
31677;18
15134;1
04933;121
07440;29
21890;19
06158;27
26748;16
21223;14
21313;36
51653;2
28835;2
05266;19
07488;6
25409;20
01534;11
01825;58
40418;35
34831;4
02047;14
20572;5
01750;34
30363;12
21905;47
05528;16
19632;27
36988;21
19417;114
10157;1
40545;29
18265;33
34153;85
16218;23
38892;14
39453;8
00714;20
06420;141
51827;3
10056;43
22209;25
26907;29
34216;23
48602;37
08148;19
21187;2
21757;3
41215;1
21882;35
24756;14
11347;15
44041;5
12550;1
12278;32
34263;119
11881;76
15704;21
52951;5
03161;94
05171;7
02205;8
42436;1
46099;57
04764;82
33441;1
09927;6
58052;1
14710;39
28790;11
21684;57
40520;45
01677;12
09872;13
25134;1
02199;84
02896;2
04823;8
26177;28
34171;21
18511;13
05323;10
07133;18
05008;50
00420;77
48111;12
04928;5
12827;64
54595;10
03252;18
06667;5
01345;54
23152;75
03412;26
57162;28
07633;51
05295;23
39715;8
17403;1
05309;12
48058;38
50323;29
27428;19
10226;15
39275;31
48529;8
18331;11
32073;3
57482;3
01801;6
54529;33
29607;6
32308;46
14538;1
22322;8
23664;3
02224;104
35372;11
40802;22
03070;4
05220;44
03933;10
36463;38
27441;8
13991;10
40148;20
04979;35
45413;7
08239;8
54409;10
31702;8
02008;28
26233;9
07787;5
32839;5
56712;2
11015;21
36797;24
05592;16
57354;2
21446;14
00905;4
02190;17
06606;4
19290;42
06706;13
02466;27
19903;6
25666;1
16735;70
24370;59
45615;7
24854;10
15606;8
41855;11
27089;37
01159;221
24077;51
01739;12
55142;11
08234;27
47900;102
20108;42
01006;42
03675;9
19135;24
30552;73
22176;51
08113;32
39031;1
19084;1
05608;4
02754;48
57902;2
38315;50
48168;1
14306;7
50680;1
45653;6
21079;2
07345;3
01294;40
44782;41
42657;16
27033;8
04388;14
00423;39
23391;2
03546;1
25445;75
26101;30
44440;1
31816;1
06981;5
11241;34
32914;42
03299;18
23845;15
03472;1
28511;45
27504;22
02326;1
05306;20
08327;45
29836;1
18665;19
00448;21
23725;2
42120;4
19571;12
48895;29
04243;13
02771;221
00621;34
02078;37
13588;1
52108;44
50371;24
20555;5
14626;3
03092;55
07663;15
09643;2
08968;1
27359;6
06177;65
03733;59
01335;22
57316;3
02682;2
04475;19
46854;5
05041;63
30065;85
10188;5
27101;88
37326;3
26273;6
00088;3
30150;159
48561;271
44447;7
53492;172
07416;37
04960;5
06582;21
01251;44
02926;60
04128;20
05910;20
09803;10
47095;38
35270;5
03993;288
44567;123
11129;83
03707;44
24552;2
18952;16
35363;3
04804;6
16531;30
01645;36
49837;5
41775;13
39787;26
12051;36
25526;13
04506;19
01852;148
24175;8
42367;46
05791;8
15502;2
03505;46
29443;34
44906;27
25524;1
18973;1
08430;6
00288;70
14425;10
39282;7
04281;33
26356;2
24029;1
02755;29
15191;13
39342;16
58069;1
08353;15
11584;100
21522;17
13314;6
39210;15
44808;1
12261;12
41541;16
12356;2
14235;1
45596;1
12244;4
54177;3
11728;20
05239;108
05407;1
25459;1
08201;1
06918;83
08197;76
34049;34
20570;2
02172;47
34815;1
13068;2
54215;1
02071;2
10511;9
05909;7
29216;12
57284;8
53256;5
01827;14
36669;3
55052;45
02507;17
13645;18
10386;12
04349;49
33614;3
17847;17
09369;8
14658;1
02724;50
11683;12
55812;9
06009;9
16204;18
05215;24
04251;15
11988;32
34167;7
05596;12
41649;12
10108;76
13692;324
25464;19
07506;13
04395;6
02606;18
53915;1
47105;24
27066;79
05716;9
01446;4
50836;2
56464;9
16632;5
47239;27
02096;9
27117;1
08100;1
33191;6
05959;7
22770;10
41818;9
26877;11
11446;7
02818;19
06211;127
14831;5
47648;2
13168;23
22677;3
12561;2
14827;89
04758;44
22075;24
07378;82
12178;61
13630;5
36568;2
01921;2
01733;61
05159;283
56437;1
11188;12
56410;2
08838;39
34329;68
06234;262
06795;22
32310;24
19726;3
02984;57
04198;60
00995;13
04647;3
09598;49
26883;49
11597;55
28729;13
05861;3
07518;26
57246;1
24390;2
23338;6
27298;24
44794;18
17654;27
01519;5
28660;4
54454;6
51196;20
55988;1
06400;48
38002;1
18529;37
39545;98
03579;52
03469;34
09404;20
05844;25
27524;8
19837;1
08518;4
55963;1
53025;14
24797;11
24221;14
04169;68
20951;21
37457;37
03373;59
41007;8
53315;1
00753;21
08472;12
33298;4
31684;5
46869;9
19755;1
35656;3
12307;11
05812;19
06024;6
33818;1
03585;17
56999;4
02868;12
24983;1
13295;1
09391;78
07311;20
06096;1
46160;1
25442;55
20063;7
54004;25
46561;13
23490;6
13324;2
36738;1
01657;33
02493;7
38225;8
10322;2
57219;5
25640;16
24379;57
31563;15
03074;7
21288;4
07024;233
58036;2
29264;20
27306;11
42303;30
36674;9
14542;9
04844;65
09100;18
27349;27
28735;4
37029;36
25905;22
40605;24
01734;37
00619;6
08997;34
55485;10
39680;4
09900;34
04076;5
06636;5
10355;24
00927;4
55171;1
47081;5
06848;1
19569;10
37032;25
35247;401
03719;16
58910;4
39251;1
16250;8
09922;22
58695;1
19506;10
23957;41
05108;25
58289;2
07196;2
04880;114
54302;12
37996;15
04508;5
02236;5
43995;5
48430;8
43820;6
20982;6
19219;2
30424;1
02250;66
13155;18
18716;6
56917;9
10224;5
04135;10
32705;4
37221;1
22472;2
29304;5
09619;2
53199;11
10862;1
24621;2
05471;9
03461;98
35752;35
03744;1
41798;4
09716;19
47856;15
01061;43
01822;12
00567;32
22899;31
06974;11
38134;2
13134;2
08877;94
03796;17
07192;4
02431;16
09917;8
28189;13
24124;4
09948;23
44243;5
17218;6
07354;1
18386;66
02726;33
22158;1
58276;2
35494;240
55821;8
17378;2
44758;3
04143;7
56265;65
19938;7
01163;9
27021;5
01494;29
34397;6
12902;136
33811;22
33812;18
51357;124
09684;45
44029;97
04261;10
55287;9
55215;13
09871;1
02765;24
30195;49
32206;31
02994;2
11234;10
19751;1
32942;42
10668;1
00018;1
06772;26
53704;6
25531;16
39669;4
55598;1
57573;12
07112;5
14711;5
36080;24
55844;3
07114;45
34062;62
24655;18
13008;26
57407;4
20911;20
05415;36
22546;30
15307;5
51623;6
55340;5
53360;1
41220;27
32996;28
12165;40
07690;133
27638;8
19606;4
12691;6
18175;8
04175;3
02907;48
38204;5
11093;15
03441;62
31986;16
53948;1
05384;9
04984;8
02254;5
14793;468
04322;92
02029;6
57839;3
09244;4
08156;5
45780;5
01932;14
44720;2
07338;4
02287;1
32153;25
03231;16
39671;3
56728;1
33588;5
06843;12
40942;20
37956;34
20511;4
40497;11
30514;120
13880;17
22400;5
17287;261
21145;3
26699;5
03298;9
02235;13
32309;1
04628;68
39903;10
30154;101
15341;22
41815;37
07513;16
09559;8
29010;103
08951;34
11039;80
17719;5
12480;33
04526;17
04789;152
21125;40
08087;36
42488;3
08758;215
16504;10
48176;21
02736;77
16685;35
13885;1
42029;32
15832;92
56157;22
45626;1
20232;11
01233;90
44650;36
55570;90
15592;1
16565;14
08394;1
06457;4
07289;27
03548;7
54046;10
17163;22
01034;6
11197;8
24723;10
49167;8
17885;1
41187;3
42002;4
04492;35
02870;10
04418;19
21723;17
05721;24
02292;13
55739;2
32849;10
02473;43
05977;2
01110;27
06608;8
03111;15
48732;5
20446;1
01160;5
04930;94
23528;6
02328;6
41305;1
07169;25
12462;28
30672;6
01742;17
16937;11
11770;83
54293;99
01323;78
31613;15
00437;32
35541;1
07562;17
08263;36
11148;123
26594;43
40199;12
14440;11
06597;3
29608;9
03889;7
15789;2
21444;28
15896;16
40031;1
43244;5
02819;13
58913;3
15721;53
05987;8
23484;17
13581;14
02635;9
33035;5
04386;4
27889;2
51558;18
51312;34
39948;7
54397;6
21717;8
34377;9
22757;1
05206;6
06433;200
25422;8
29000;6
00387;53
03148;56
20733;15
30827;62
12860;6
00414;23
25776;4
21851;2
05090;15
00728;252
56961;2
57708;4
12463;27
00310;237
02657;43
06583;24
44266;1
26709;1
39455;90
00094;2
53212;60
44468;5
48528;6
26202;55
45882;2
03544;11
41419;1
11193;147
19819;43
35203;2
37981;1
25847;15
18523;77
31000;20
05545;18
01850;176
34439;11
19024;10
55333;9
22360;3
09205;21
20996;2
57357;26
06308;13
14756;1
33368;71
20020;36
45455;6
09284;1
28793;9
24550;16
20941;62
54591;1
15327;6
05431;55
02037;35
03197;20
27591;14
21300;37
02139;7
36733;1
19310;4
34533;4
55344;3
32801;5
19163;14
48764;1
11385;23
02678;3
06377;3
42262;6
03602;13
35973;1
14403;2
42237;69
10769;2
04983;4
17426;1
01409;17
26191;30
41194;1
05934;48
01324;19
05994;51
20905;13
50375;25
37747;16
49071;8
06756;23
53539;4
05689;32
25116;11
03007;58
24492;13
23288;8
48138;1
19431;9
28270;25
03737;13
25111;6
19697;6
32928;1
06093;88
05453;46
38071;13
10258;7
03187;2
01180;30
21224;15
51582;1
43648;13
55017;7
08913;11
08078;6
13114;10
26916;56
04342;70
20352;11
04204;53
02514;18
18336;19
03135;26
09256;5
07074;39
05918;25
31972;1
20217;3
12831;4
07789;12
03794;153
02487;14
16126;3
09137;29
24780;5
05998;1
24122;7
37710;10
18917;8
00773;7
19851;8
01915;22
51537;9
02248;21
48734;2
23054;14
07003;1
04360;80
14369;11
20145;13
15178;14
10562;82
06619;169
29096;2
00586;20
47851;12
30372;12
28071;12
07441;290
25842;6
06936;8
30661;9
27264;6
24826;58
12558;5
02408;8
14054;8
08904;55
05310;10
03319;15
02615;73
31897;20
37115;5
44310;3
48908;23
50395;46
41781;18
33581;59
04520;116
05505;6
09040;39
51925;8
56151;15
25861;5
02785;64
02346;105
10943;20
02556;9
23355;1
23829;10
01934;18
00696;7
30466;2
45403;29
20275;2
42613;3
01401;40
06441;22
19072;94
24403;47
09741;8
34409;13
50627;3
03041;56
25218;36
43546;2
18543;4
27612;35
06793;1
50456;10
54694;1
41096;198
51520;196
34225;99
36176;11
51992;6
09488;10
10803;40
55816;13
55613;1
23883;6
48107;5
45872;81
15478;11
40358;4
37224;8
15466;3
04073;56
33347;12
39373;73
14606;2
01183;18
28798;26
15692;4
00520;14
14813;8
55924;7
09545;1
03050;85
07150;5
04317;9
09160;2
33461;10
54449;9
33803;6
10311;15
30556;37
10590;1
05448;6
05321;41
02734;40
23999;17
44201;81
09339;3
01764;30
13336;62
00428;44
22640;2
03170;22
44985;1
19413;29
30002;33
43576;1
35692;5
57617;5
05965;38
02953;45
03911;32
28379;117
26342;39
10570;9
21180;1
11306;27
10163;4
04552;6
17436;18
11070;5
24559;1
18755;1
33861;106
25096;43
37585;2
17380;14
14395;38
24736;4
22060;4
47774;12
09858;17
43096;3
24508;6
06912;20
13982;5
34576;9
57108;5
00968;6
00113;82
11038;1
12205;13
48453;2
08870;14
03995;16
54281;19
21372;14
13847;14
24263;12
31300;8
00655;1
03613;14
22907;27
10120;15
05076;2
21183;7
45147;1
37244;1
50367;1
32958;16
06812;9
16005;50
55973;19
47348;235
02518;47
20598;107
36860;3
10406;6
07581;33
02715;89
40583;30
02375;192
03812;17
20205;17
14052;6
51649;41
30197;20
04123;7
03089;9
00884;4
22063;2
18609;77
10356;1
07431;2
57508;4
34692;26
00957;18
57656;8
40098;2
38757;25
06673;4
31781;15
12970;287
19376;85
27731;2
18325;4
18535;1
27790;17
03436;2
29851;3
09505;12
14328;4
16377;32
55202;17
02807;16
19345;3
54026;12
40274;21
54662;1
11868;59
03405;51
07994;7
34522;28
28099;20
01295;1
11484;25
03149;45
43455;2
03036;135
31386;21
55516;2
33403;4
33115;4
00320;7
48581;2
12384;1
36184;62
10633;99
28523;47
21013;1
24892;17
05692;30
00351;27
46010;7
00856;4
25713;36
04461;28
26823;16
14734;20
57323;8
14025;13
02216;2
15841;2
38191;11
37636;27
52903;1
08194;3
50380;16
17354;8
55380;1
07020;66
00615;12
25262;14
32701;89
01673;62
05725;5
28682;19
12690;77
14143;68
06570;68
09133;10
01407;7
33172;7
06826;23
00793;1
15990;7
02012;34
02338;71
35986;2
37332;14
12913;3
13808;24
51791;1
56268;42
42829;10
26405;2
11672;5
27640;5
25781;2
03339;6
47940;1
02192;68
04999;32
32696;121
02334;23
25178;13
56041;79
45027;6
41362;65
45440;5
47543;20
25227;7
05740;29
02679;21
20999;13
18191;2
02905;7
10020;11
03365;8
29437;7
20786;2
03003;28
48218;6
19781;3
43429;39
03242;25
19616;10
24979;11
20164;20
23827;7
07720;28
24918;1
05281;14
09356;89
35816;2
21483;46
00800;8
04154;2
26743;2
05612;11
20182;5
45947;1
47342;1
56135;3
05497;26
36094;5
03668;88
28124;1
24833;48
02452;12
16254;6
06561;58
57597;2
30241;14
21375;32
44370;35
09282;19
56875;2946
01973;119
37409;12
35881;10
53144;8
25671;12
55412;9
12490;8
21322;14
29203;1
09174;1
02816;39
54998;6
00475;195
08114;3
40558;3
10345;16
17241;12
32650;10
04165;76
09707;193
06131;7
22344;4
04873;15
05817;122
25829;20
36764;3
46351;11
17175;13
01761;6
55545;2
02761;58
03466;109
48522;10
05476;2
04217;28
35851;4
03684;24
17536;225
08713;13
19332;16
02360;10
34393;30
09293;12
49725;3
56343;21
37526;16
28723;23
11909;10
43928;4
22383;9
55774;14
50904;6
57319;3
39177;10
15894;5
40848;1
05739;24
47062;18
56234;2
23289;6
08914;16
53490;4
16890;1
15504;26
15945;4
09842;14
04471;46
20628;47
36136;54
00557;70
03972;44
08748;7
06537;11
55100;217
03432;4
18044;16
34620;3
00037;19
09826;47
32563;45
26271;1
12072;14
00925;1
13033;8
07576;16
02533;1
13514;1
33084;15
36881;1
05780;89
35914;11
10722;6
33202;24
17670;4
11319;15
03084;13
06556;2
30379;1
20484;2
09493;2
05293;22
06678;27
13011;104
33640;17
16241;2
05094;22
20198;8
33889;8
27753;3
39122;11
57496;19
20930;10
04280;27
12736;17
54596;1
38270;31
47670;19
17533;18
23509;9
24411;4
06723;10
18555;1
58908;1
14713;1
01000;5
16721;10
07810;14
27709;5
58883;2
31575;12
32470;44
04126;306
00774;6
57221;3
10276;1
54767;21
14870;36
54759;7
40370;13
56424;2
19594;13
03446;119
57022;3
23067;17
24497;101
06507;27
22587;1
41201;55
24353;4
17594;12
02954;8
00354;19
32750;14
07535;33
06375;13
47293;34
06576;13
35701;37
21821;48
02318;2
17346;11
23281;21
07313;4
41211;2
32799;8
38559;18
11719;32
01847;13
00973;87
07364;20
57988;2
04734;6
03869;17
20861;5
18874;1
07320;16
05742;9
23332;1
51081;54
04292;20
41882;4
18420;8
19838;20
37593;5
26607;1
30179;1
15057;14
06548;45
34845;6
19368;19
56320;14
01413;14
03593;49
25567;1
26611;81
03179;15
03635;1
02436;1024
24617;3
06369;16
12592;76
49364;2
38282;5
27589;63
57005;2
00644;3
34773;3
10599;1
10194;76
02543;4
02143;52
02941;9
21460;21
54941;12
03037;111
10701;48
55423;28
31750;69
29270;8
06572;8
56040;1
04637;5
25811;7
14136;2
10353;8
06915;35
20289;2
38721;2
38228;3
01899;16
04181;21
03273;140
06480;2
33594;1
22516;69
11961;64
25398;1
10496;5
51108;39
32822;7
27708;11
06790;12
56778;6
02140;181
17744;315
37871;7
01223;1
03464;34
02179;147
06890;6
25087;30
58509;2
54410;1
47866;4
09694;108
24187;48
10134;14
07679;23
13374;1
06639;6
11892;6
18848;1
10893;18
10834;106
55692;3
51820;1
44826;2
02897;33
02508;50
20536;5
26690;7
02986;25
03790;16
52498;11
51226;5
05134;159
08243;28
10843;9
06904;6
48318;8
00786;102
11302;16
49326;1
03330;6
00391;5
36923;11
03820;9
42737;25
02534;2
44506;27
43505;76
09774;12
18663;1
12622;111
07931;10
39399;5
23118;3
28695;17
10699;91
52015;1
05782;13
06471;39
08132;112
03528;71
06210;14
19005;21
06610;34
16503;2
23329;25
02770;27
22594;62
03154;50
13254;41
26115;1
13170;131
55274;5
37608;28
11625;40
45502;11
53257;118
28679;23
28164;132
47249;41
18713;17
08996;2
09306;19
57625;5
49784;65
30654;126
34336;13
29480;22
09064;43
02823;12
02971;168
07209;31
00680;4
01840;3
51565;2
54690;7
08638;3
30822;9
00555;31
25089;14
04178;28
30413;2
33051;1
00239;35
03418;43
02005;26
33532;7
48731;52
12672;69
07587;4
08814;1
06163;1
04116;7
35674;4
19211;211
29899;23
04216;9
46525;28
10997;2
58267;1
01225;13
19315;26
16295;29
23793;4
02759;146
44505;7
16210;31
24745;3
00799;19
41383;57
22146;6
06469;5
04822;6
23942;13
06160;1
15941;3
03589;12
56536;15
12324;18
19206;56
07764;47
00994;7
44932;16
01767;49
10133;6
30328;1
26306;1
04512;37
27949;11
11114;6
11125;94
47217;11
03162;15
55461;4
51225;9
03238;23
15686;46
09513;32
39595;62
39172;3
47027;3
11105;8
54119;3
05250;5
06780;19
06198;8
57707;158
25879;4
55069;30
04701;107
36442;44
12544;1
23690;16
13330;19
51293;4
49437;2
05292;79
08712;8
25279;7
45899;19
09187;1
04927;22
56214;9
30160;8
07886;10
45364;4
35748;75
01831;15
02565;216
29244;15
59056;2
58420;5
11476;7
10501;35
31089;2
29825;5
30893;7
01758;4
25277;9
15828;133
00969;82
13949;1
27462;3
35301;34
54823;4
04684;46
05055;23
02609;105
52664;41
07427;205
26932;12
06023;6
05053;1
50920;4
14060;28
25197;12
15392;8
45983;1
20452;101
06657;10
05087;35
48121;2
08761;31
03075;61
22454;44
32821;25
02886;13
41493;2
30715;1
28540;88
07037;11
55934;1
09030;72
22194;5
00691;71
17878;1
01250;32
12321;4
53312;70
45358;4
25254;4
37464;1
09421;17
31120;28
00835;18
27228;2
00818;8
23786;51
01307;22
29366;9
13077;1
28075;17
01707;23
06747;28
01765;94
39774;5
10033;9
06088;63
12112;10
06622;4
14253;1
26681;36
07872;16
39658;82
02220;56
30718;3
08857;122
24424;64
25652;18
54624;4
22726;13
02272;4
20066;30
02809;132
03580;8
49726;94
06882;18
35432;7
49396;3
07293;24
02638;21
00539;61
05840;6
13639;40
48882;1
09363;1
00941;133
42032;28
38117;18
57533;3
23474;2
00331;26
56028;19
37149;9
50835;52
14837;28
48594;4
44810;19
01714;73
34302;7
27643;2
57053;14
05224;60
44515;3
02217;9
39353;31
01679;37
09790;39
52379;2
02415;18
39972;10
17103;18
06813;4
04053;5
24191;28
27025;2
40503;90
56290;9
30031;22
01781;1
36743;43
00459;21
39225;6
27598;61
08444;19
26725;25
37934;2
17720;26
42509;5
37037;11
44473;7
03052;24
20797;1
41208;2
26987;7
10106;11
58839;1
09382;12
04617;8
33977;5
04469;3
52494;60
03091;6
01341;7
59295;4
55486;1
30670;29
16689;27
42016;5
04940;26
30498;21
05064;21
31583;1
19687;86
35171;18
47256;1
40755;13
48057;30
33324;1
43750;25
12600;8
01670;1
14899;46
13761;37
08678;9
39345;24
01994;88
16545;4
06418;27
15352;26
07071;39
08091;6
10593;44
15186;8
04407;13
38435;16
55741;1
02717;1
53352;4
58326;1
05993;4
15785;11
05142;63
55470;38
05588;5
22285;2
01066;11
06859;37
06063;14
29362;5
02892;10
02683;14
06675;31
33675;9
17651;2
01344;1
01369;66
05362;326
17208;7
12491;1
56319;26
00515;8
24848;1
26781;2
15829;12
30143;27
03538;32
34614;2
36223;13
02524;48
24523;128
48866;1
32970;76
11394;4
12931;10
50201;7
46317;5
06526;3
10670;3
02380;25
18093;1
11748;3
21290;3
20377;13
19420;26
05905;22
03186;4
26529;3
14782;3
49333;15
43335;10
18711;3
00571;11
57866;19
28494;17
44056;13
11377;7
28043;4
06943;15
01272;75
25629;22
20045;1
03251;19
11939;27
20460;7
26710;97
10127;147
00338;11
00672;117
22780;50
20441;100
13689;19
58023;1
44633;3
02081;16
58319;1
58173;1
04276;32
35183;20
05855;14
58404;28
42745;1
05037;22
06008;8
52024;60
47603;3
36129;1
00912;156
08530;10
24330;23
03290;7
02946;27
46602;9
47656;1
01727;49
23248;21
02006;37
30487;9
05540;9
04771;2
00410;22
20233;10
53555;22
11611;48
04487;18
06539;44
51600;5
25613;19
36900;1
38486;18
02472;17
51327;16
01842;2
29874;21
04132;4
10442;52
04458;17
02776;61
53673;62
47175;2
58244;6
09577;1
01579;2
08168;126
41439;9
12005;43
02265;14
02852;8
01136;5
57469;10
04235;1
30092;17
06013;17
47764;16
49205;2
38717;55
04865;7
32581;6
42364;5
19862;2
01072;5
01978;21
08956;109
05731;9
56433;2
27594;1
03222;18
22532;56
16730;36
49374;18
19858;6
07102;3
03389;5
04972;3
22850;185
56153;19
13253;4
47072;27
09932;7
34395;1
09013;8
43400;7
57160;1
16365;70
05723;62
12981;9
08389;2
06066;2
03890;34
41484;27
14450;11
41581;8
01047;1
10439;148
10923;200
32146;100
58133;1
02875;1
04616;29
08837;8
36885;37
49274;12
09839;330
05289;23
32926;112
18410;132
08975;2
52154;26
41258;19
41217;98
01274;211
05783;28
13791;53
37966;23
41884;6
11492;20
03727;5
45897;1
00993;63
05700;4
03653;26
02711;44
52883;11
18043;5
03980;46
10905;26
12191;140
24476;112
27165;5
44160;31
04714;6
02649;186
11505;32
06409;2
52920;1
39175;24
25964;55
42901;71
41416;9
44548;16
50962;2
02115;40
02603;23
25346;17
18345;5
54913;3
27604;18
29644;1
00674;2
14215;35
27225;44
04425;5
01026;3
10237;6
04777;1
02848;59
06335;7
06165;17
27347;6
06360;9
01365;22
02104;13
09921;22
02274;59
26837;65
09145;63
24616;27
10845;51
05328;22
39865;13
44764;8
23107;17
07177;25
10007;1
39445;15
33890;8
03048;5
10137;1
41044;72
18759;5
27925;30
03320;12
04295;621
04598;1
24513;7
10948;11
55025;1
09389;17
39378;12
41189;9
26570;2
57519;2
22144;10
32927;5
30835;27
22159;81
19881;7
12259;8
06987;2
33287;36
30365;13
33855;26
21209;14
36870;58
27843;27
55055;7
27430;16
42953;6
27820;6
13116;5
26129;40
02587;118
23287;15
35120;3
41895;2
57453;8
10107;19
31229;22
02042;182
48673;35
02739;1
02241;29
13895;1
03281;30
27917;12
18943;39
13019;14
55434;2
05914;29
24510;15
03893;13
46824;16
10103;17
25153;3
10464;24
01974;5
17294;9
18359;7
11538;15
05703;15
25365;20
25205;1
54528;1
04260;42
09777;73
12358;24
19646;3
05473;29
28117;7
17592;24
03463;4
18151;9
32767;9
17721;22
19599;24
36554;1
06351;11
11009;23
45778;1
04049;109
27760;23
24895;12
00224;46
01769;72
06714;67
20382;56
03205;103
04746;14
07756;34
02902;63
13231;5
10827;35
27972;1
46578;1
54648;1
00782;47
56069;79
49986;1
50737;8
53075;1
07399;31
22799;10
33849;31
47972;4
49316;3
57800;1
03455;2
54475;10
05985;13
38620;93
20135;36
02333;11
10265;1
45537;9
12251;57
28439;6
18162;36
38368;7
08207;42
33781;26
04104;24
02035;48
19380;1
08384;1
28459;9
16061;6
55728;17
03344;7
00356;51
32542;3
23253;16
38354;10
39675;30
05744;6
30461;1
00141;48
22943;1
20804;7
38649;9
17067;21
29958;16
07200;6
32918;3
00523;51
51946;40
05185;26
54950;11
02802;107
52305;1
36204;6
28532;68
40658;7
28161;20
08460;2
53925;6
49586;27
28134;19
24967;2
06349;27
05856;58
01309;15
17041;16
07819;9
08150;5
18508;18
19210;136
03386;29
08073;6
35300;1
40416;20
01832;116
05013;38
18301;9
01306;38
08490;5
10681;1
21903;13
24017;14
48544;2
17232;2
07041;89
23231;28
14289;16
10340;10
47901;2
41847;7
09794;14
51857;58
30000;30
32949;4
12302;52
19510;4
54497;13
16028;17
33484;10
06762;5
22303;4
16068;10
44860;2
03847;10
02763;242
04560;3
24842;12
08014;58
55711;1
05898;40
34063;326
06230;20
38841;3
00491;9
13842;23
56775;29
18833;187
02527;90
07916;23
15521;15
17222;2
17566;25
02784;67
06217;41
25895;4
23675;8
12214;2
03313;9
08120;48
20885;1
13223;55
07000;88
40448;8
40391;1
08175;11
10510;13
18023;31
02951;32
13065;7
05542;58
00404;21
51053;12
00457;5
04780;10
54782;33
00981;21
13494;34
20829;2
04048;35
44722;23
13536;55
07058;157
05765;173
00464;25
27190;4
05913;8
03777;7
05499;8
54748;11
20239;3
27193;2
43623;4
06898;37
54332;2
34676;9
01276;130
09955;2
22200;11
29929;3
25344;10
29829;4
13205;21
18076;4
10427;17
35968;25
03480;28
04375;30
05369;67
06472;36
13384;5
50085;148
36539;8
38619;70
19409;15
22019;14
56751;8
01881;1
24629;33
23102;11
04770;6
39027;6
30518;1
36466;18
06051;24
24754;5
20313;21
29597;3
27761;13
13015;18
11375;19
03557;7
19152;1
37361;59
02161;61
06948;2
51123;19
01010;24
02306;35
08891;11
16566;48
25611;10
05833;2
16361;30
41437;3
50159;1
22114;109
21392;18
20990;32
23051;15
26215;19
05179;17
03169;17
54148;1
05046;17
48466;18
55087;1
35309;1
08102;2
37088;30
08195;1
02262;334
12334;2
03662;50
50569;6
23117;8
03664;1
57598;12
14567;12
15864;4
03984;14
04793;9
33345;10
57595;53
01997;98
10516;1
06568;7
06900;2
29614;12
44915;9
50690;1
14194;16
01748;5
06963;69
11132;34
26078;17
12473;7
55379;8
53236;32
13227;6
30254;1
02648;17
34011;13
27614;175
04432;11
40624;13
28333;3
26674;36
33493;11
01236;6
39009;8
35015;1
02714;1
13440;17
41992;3
07418;27
42955;30
46046;6
17299;1
21489;2
10142;25
40427;5
56836;2
34969;3
16981;13
33527;7
33379;19
51497;5
20181;13
11425;8
32442;14
22976;2
32269;1
53805;1
15748;4
03600;45
44371;1
02932;36
25963;11
05219;99
23925;122
12140;28
00499;116
19061;9
00226;52
36873;8
40366;1
23267;2
42677;2
41240;16
52445;5
40654;2
04001;2
44911;25
34508;19
26453;1
06489;24
05253;16
55332;56
04919;31
53554;3
05955;22
26467;9
24868;27
09836;97
21035;57
03032;16
20034;251
02341;3
40459;4
00964;30
04157;27
43320;2
50080;35
01723;2
08269;25
19946;7
56055;4
48412;1
30432;15
29877;83
38004;52
16780;4
16740;7
32593;1
01360;26
08579;19
01216;2
12755;4
20741;5
02194;97
16006;8
06829;38
02564;100
33923;14
20729;4
05338;40
42702;7
36141;12
26584;14
33481;63
32884;15
04786;56
05857;88
21888;153
12153;54
21727;24
58769;3
37537;4
57006;2
06722;20
24580;54
06802;42
23001;1
00658;73
05229;280
24622;68
27580;5
22579;2
06112;122
00606;2
48619;4
57207;1
02195;59
03973;68
11112;33
24727;63
42347;17
19811;3
42831;1
01791;34
00574;6
06992;4
54710;1
08873;43
05902;3
10350;9
45234;11
47988;2
06701;23
47232;1
06565;2
54413;2
57544;3
13564;63
08420;29
57486;18
49077;11
21487;33
56369;9
03827;27
45435;59
00896;9
51111;3
07297;15
12010;95
03024;7
06317;9
18944;6
27243;25
19134;18
00622;182
48702;13
00837;42
33012;18
07434;61
06079;16
08541;45
34506;3
05394;23
09228;101
27752;15
05411;3
15256;4
39936;4
07897;109
44087;12
30029;1
20701;13
29983;11
35320;157
55986;8
02308;25
08482;76
10435;61
21854;34
07795;23
47066;65
06847;10
28306;6
03164;11
02585;179
10800;9
26667;12
22524;2
01379;7
11893;39
29182;7
01853;9
35754;7
05167;65
01658;11
08621;28
33256;68
59260;1
00447;4
56615;2
21479;6
45083;42
41147;1
04903;14
32444;1
18989;44
46081;6
04476;9
15893;10
32844;6
55991;1
21412;19
44648;136
02146;8
31459;11
07138;22
30445;1
17442;5
23656;5
53005;3
58459;7
33375;33
54545;2
37908;38
31708;16
43100;6
00362;1
04037;1
44328;5
55580;19
12149;33
43694;2
37348;84
06927;31
11146;20
00509;11
02980;72
30776;43
04775;56
25052;1
41764;28
21012;1
14345;4
04466;33
05069;5
57517;3
16734;61
01713;40
14420;1
57514;36
27159;5
09612;10
12481;43
00517;19
20514;1
25868;1
19197;13
17274;96
06250;2
32719;32
17358;57
03669;22
10919;8
05679;5
10048;47
06878;9
30120;12
12392;8
51333;2
12670;5
35216;5
32999;142
12190;65
53279;3
14995;3
11276;51
20287;23
21526;30
13691;3
48511;9
46428;3
14274;50
28650;1
30637;1
03012;98
49752;1
12335;60
02685;9
50838;3
41231;11
06291;1
02178;14
35166;1
22414;1
10102;136
00642;289
41820;23
30119;61
34563;11
45804;2
02750;15
40941;9
22046;18
02806;33
52011;20
15877;3
03444;22
30681;6
26822;33
28077;72
14627;3
09692;4
26380;12
20457;3
08464;5
26085;33
39544;60
02200;23
38261;1
21985;150
09232;18
17265;31
02432;55
10111;43
08687;21
06114;2
16543;18
47561;7
03703;2
13144;1
42894;18
36570;8
46489;1
30060;197
06748;29
02378;2
01708;8
33294;180
02778;21
05750;17
55615;12
44790;1
02019;21
33366;46
20677;2
05872;7
01859;90
56888;50
10239;16
14514;21
07724;11
13985;16
03862;2
38483;6
37304;34
11417;16
54700;4
04087;22
33687;8
35131;10
11244;44
38507;3
51373;7
10471;6
22881;3
03674;24
34482;6
16733;6
16034;27
31104;10
02865;5
00885;142
04802;16
35997;1
04498;92
15157;1
14265;1
04164;1
21278;1
58237;1
19943;51
21137;2
30047;41
01805;44
20834;91
55133;98
15997;136
17974;4
03778;40
26197;15
06514;10
07655;13
11144;70
15908;7
49025;8
37442;56
09957;21
20082;8
17644;7
04040;12
57666;22
04066;2
58689;4
11135;3
11766;53
52734;15
04922;26
00003;1
13672;2
27481;1
43833;1
21668;8
02377;67
03391;21
33100;186
06842;11
20636;15
14205;60
00938;30
03114;17
45513;3
04102;31
30621;24
59432;2
54083;9
35156;4
10864;36
29804;21
48197;8
02175;55
29598;2
13651;3
48117;19
03020;4
20887;3
18099;117
32526;21
52188;3
11862;125
04827;28
13972;10
50176;5
12723;23
08401;17
48248;6
10119;14
12636;3
22277;1
03033;73
42309;1
34690;1
06199;9
18666;8
08727;12
20554;2
40655;52
01394;6
07730;9
04696;4
57693;4
08355;9
56698;2
10778;10
06895;27
20716;1
59022;5
06050;66
05484;53
00398;3
02184;36
10886;28
33250;7
33976;121
01897;2
03650;125
18025;60
10853;52
09883;17
08304;28
28763;97
01951;12
26374;2
11300;1
19692;22
54486;5
16752;11
19432;6
20220;3
23573;1
00904;105
25097;30
43696;182
02895;54
29098;3
46377;2
32825;2
28398;6
07753;35
04743;7
00500;13
24731;231
01829;92
10183;15
15777;1
06585;4
02720;38
55629;50
23878;2
04006;6
50823;7
24086;6
48661;70
18121;1
10227;113
05999;44
17986;3
13611;28
12749;2
54446;3
59171;1
04246;59
20863;6
57921;1
13966;3
57580;1
25497;22
04750;1
03518;10
47598;15
02964;49
46922;1
03940;46
28100;54
10989;39
06439;9
03514;1
48291;22
08897;22
05942;20
36122;43
22482;5
18212;5
18885;66
01210;35
30990;22
49347;9
00888;6
59532;5
21325;10
17210;9
47377;21
43074;33
10959;1
35731;2
55337;15
21400;4
00282;68
50480;2
10121;87
37316;9
11931;9
26827;17
47371;13
21095;2
33500;2
54898;14
47213;5
17750;21
29947;3
30434;352
04396;22
28448;22
06101;5
25158;8
05132;71
33047;4
31706;14
04353;85
27671;60
04561;12
00844;10
02548;3
56249;161
18188;30
16885;17
26580;34
08316;27
31685;3
35468;2
40412;2
08182;18
44290;11
12549;34
11207;7
47758;6
32292;1
26178;14
36829;16
00041;1
30353;35
45583;6
12479;41
55869;2
01678;2
07815;20
10836;2
19390;5
58945;1
19584;72
17156;1
38819;1
22172;7
30537;4
23101;12
30532;1
06782;3
02767;45
36636;6
41776;10
20336;58
04331;8
11485;10
11489;23
06705;14
18893;17
38420;7
29743;18
05060;1
01794;3
40562;1
01933;101
55644;68
53396;6
25150;10
00547;18
24387;4
37035;3
18371;10
27854;1
06231;3
10162;5
52618;23
07662;7
56570;12
03057;1
46636;11
33646;1
16040;7
19140;3
00376;47
11792;109
06262;1
24551;3
04925;5
04209;20
19439;3
30856;57
48253;1
58959;3
17558;21
11769;1
13476;3
32210;6
11032;22
09914;8
12022;4
49647;1
01094;18
05406;5
27198;1
31405;22
19950;50
02123;22
21271;17
06972;103
10591;3
31792;1
50930;18
40200;1
08264;2
33075;1
27855;14
10505;1
33034;4
55878;2
26588;43
53967;24
18574;21
55947;3
55790;3
01920;129
05331;57
21008;4
09072;12
03440;33
45768;11
30735;3
04212;44
53420;3
02686;35
20087;58
11343;5
50106;3
09102;20
02300;43
04675;4
04562;2
02052;5
30359;5
37439;1
13039;1
20913;8
44545;29
04980;42
03209;8
02571;87
56192;2
35771;11
26462;2
03511;32
11012;3
03029;65
46885;3
43109;2
55546;2
03460;15
05470;9
03800;34
35810;54
29757;7
56651;11
40623;11
34174;9
37184;3
10027;47
51698;15
08906;52
19480;15
57223;5
05005;13
38232;30
56702;2
03021;19
07580;36
44941;1
36564;69
46462;6
03142;32
11807;1
34649;4
49312;13
49470;1
55650;6
10998;40
27694;30
45123;8
24529;1
13259;19
14212;15
56100;1
02867;11
39231;1
39886;12
18155;82
25166;3
04315;19
05255;37
08032;5
21568;6
54560;1
19477;26
19012;3
03959;1
00232;1
40353;14
13151;1
28241;7
58003;2
20119;7
38335;172
05329;23
27593;1
04574;24
55107;1
15340;10
25090;18
05884;34
24576;2
09003;13
29463;14
27586;1
13802;27
12864;13
04305;16
26081;1
01431;52
55804;7
08943;5
05940;16
10996;31
37520;49
04681;139
24453;7
11017;19
22359;5
02468;2
47955;1
02817;9
50828;2
30708;8
28647;22
11727;9
06602;8
59309;1
06058;18
02353;31
14227;22
41871;10
00685;1
05308;8
31429;31
01014;1
09086;60
19733;24
22125;10
01724;13
37226;23
18203;5
55250;2
36431;8
34878;63
20372;43
05249;7
44462;6
57776;4
05437;2
07012;24
33320;14
09092;8
17377;1
02825;77
14817;7
53803;4
40035;2
58734;5
28301;1
10530;4
01395;30
16188;18
14874;2
58274;1
22711;7
14392;6
27394;10
07409;33
08594;7
09255;50
09384;17
21558;3
16186;19
55484;1
45515;28
17868;31
41967;17
18413;14
37805;1
03110;10
36835;4
33251;23
02166;2
22091;63
14014;117
30945;14
02002;107
14761;4
07134;11
47556;1
22134;3
11475;8
15689;8
04413;10
27512;4
30971;33
14474;17
04708;3
35592;63
33893;3
02781;10
20943;16
02471;123
48097;2
13244;37
02365;94
23695;19
22244;8
09733;2
23605;7
25434;8
00817;29
08787;4
56215;1
46268;93
37303;27
14770;1
04357;40
05761;13
04252;25
03183;3
16074;11
01244;51
21136;17
03648;2
42828;1
08287;2
55328;11
00168;223
44153;28
02891;2
37656;8
10785;12
03348;198
17033;3
26246;10
51067;2
13054;26
55147;19
22674;13
12186;59
05191;43
11636;98
53965;11
11767;2
03497;22
03376;78
38629;5
17196;23
40912;21
29186;2
00986;7
46284;29
05427;34
08623;1
45636;46
05997;35
04878;37
42806;594
02805;77
25954;1
22284;15
13497;24
27715;59
50740;26
08923;11
13932;68
24470;22
23314;2
34219;4
11149;32
53738;6
03608;14
25461;15
41909;13
23020;39
04812;1
07492;208
01144;71
55742;58
12961;20
54822;8
05472;35
18810;64
20646;6
03462;4
45086;4
56630;8
55341;12
53361;2
37536;4
02381;25
12032;1
14290;36
08206;3
38769;3
05320;33
29580;6
39109;10
53387;7
49160;20
07967;1
49013;10
09597;34
08879;46
00623;15
03903;13
29817;2
25846;1
45536;18
06379;7
03108;8
08524;23
29755;47
34691;14
00055;2
04813;9
04410;4
27652;28
13104;35
10737;35
05773;49
15334;17
09435;8
39248;4
04799;46
06681;16
14213;3
12971;31
02645;19
00203;93
44332;2
32088;111
13933;132
02253;54
01090;36
36032;1
55784;1
41213;6
32724;5
03014;26
34626;2
23261;12
01373;77
03156;15
24102;6
00098;1
25055;30
02344;39
54809;4
30400;4
14390;72
21493;4
22404;10
20487;6
24154;30
03280;24
58563;1
10848;67
25833;4
04442;4
07452;6
11745;100
14570;1
34199;30
51429;20
40428;1
22747;24
11670;79
17909;319
03815;37
02742;2
30744;73
40420;59
13894;21
00251;39
15257;24
25073;22
22347;57
13575;8
27777;5
44169;1
16384;148
16980;12
03966;14
45207;4
05952;20
41991;2
06019;38
53339;4
15636;6
08859;11
03393;1
11899;3
05722;21
22781;59
00809;46
01911;23
38250;17
40772;8
48512;93
12515;27
20113;6
12273;171
18812;6
33073;2
22195;51
03380;27
52928;37
09620;29
04554;88
00101;38
34354;112
07582;5
31645;4
06811;28
44022;11
11648;15
52870;10
04409;3
39645;243
40885;13
03157;9
05487;4
17302;16
21949;31
55823;6
16036;20
04208;192
18412;5
00552;1
01821;1
41002;22
30600;7
30122;13
30347;9
05776;7
22047;6
27825;4
39690;3
15068;2
26249;13
57741;2
32577;6
58963;2
20074;17
11453;2
09866;4
52353;2
27915;3
04401;3
29021;1
26318;9
38394;1
44490;3
14026;12
31506;11
00893;91
15695;32
01729;27
17621;34
06825;25
33755;12
33337;12
11626;13
57041;18
27838;6
11725;1
04009;67
42800;4
06543;8
02310;15
01503;8
32894;31
12082;8
16391;50
37609;65
31516;1
42232;21
02298;66
36589;2
05630;1
05393;26
11989;2
52980;6
44258;4
09087;13
04944;28
02234;38
58080;3
09146;13
04505;9
51426;10
50272;10
03910;61
54997;2
44821;1
13284;171
00701;15
03324;33
24990;3
02092;33
29970;65
30644;19
58162;1
02255;48
09856;60
34527;39
33935;30
02282;12
03421;41
08198;6
44343;1
03506;133
20085;19
55424;4
04029;106
21512;5
44528;2
09706;33
17176;8
03781;14
00476;2
25260;3
03705;80
04500;3
05730;39
04768;29
08205;1
26731;2
20033;52
01070;71
04285;28
11623;11
32935;3
25226;94
05425;3
27679;17
44788;4
24959;7
11062;6
19533;156
03724;8
21217;3
10043;17
02523;8
22141;2
06967;194
02957;2
39848;11
06162;6
03560;17
03477;56
27322;9
03188;37
11161;2
57652;10
45551;2
08505;5
27958;50
40803;22
07281;2
11370;15
24331;32
12579;2
13889;94
34217;24
20398;2
24697;2
01935;5
03898;24
35925;20
10219;75
33463;28
07945;19
47615;11
42508;71
20104;1
36992;151
05708;35
06273;7
01129;44
09876;26
11608;25
01142;24
02906;6
07370;3
13414;1
33514;31
13490;1
39207;1
40668;32
13300;3
18896;1
01555;4
40619;38
12576;42
37445;91
07515;7
04078;20
11996;9
01980;107
03785;2
06459;17
11690;10
03088;95
22686;20
57494;12
11326;2
01643;88
00568;31
57663;1
13899;16
05136;27
19826;14
37909;12
11025;96
15145;21
09176;1
41839;5
06222;23
00757;160
03004;222
32131;47
15339;30
03738;32
57868;15
08346;1
07998;12
57119;17
35486;13
08823;42
24144;14
01224;1
56601;5
38725;8
47141;41
24285;18
23524;5
06460;43
18648;35
03417;8
16876;65
12233;34
13222;10
24262;58
03597;13
13994;17
04654;25
05682;1
53430;2
38416;7
04239;85
21357;41
22345;3
08912;10
26946;14
05023;14
01828;8
11296;1
06385;38
31865;3
29256;148
05163;90
04692;17
10776;18
48711;2
09717;1
39392;4
04334;15
32551;43
25389;34
05025;3
29866;12
19907;5
55538;17
27864;3
32180;5
05960;5
44572;11
21376;12
15311;137
31886;14
10434;8
47496;1
25455;3
46703;83
42281;1
41593;19
21277;51
15670;2
38235;11
29160;1
03067;58
05077;47
36133;3
24673;23
06092;38
02812;6
08732;67
03189;34
41355;12
34652;10
03645;4
54063;38
05788;35
51145;1
21672;14
03190;6
58145;1
08962;7
44498;10
04194;43
03954;18
00594;107
22745;16
25233;18
21331;20
05279;25
27294;3
27772;11
21266;6
08620;2
02227;3
02152;21
54869;11
28859;2
06157;29
34731;17
13350;2
04931;11
40916;1
48572;25
58099;1
38722;2
30330;11
09654;3
30070;7
02277;174
16225;7
24760;183
01132;13
08034;4
54141;2
42637;17
02134;32
28285;1
23890;37
02322;6
19541;27
02709;89
24564;4
07189;2
04601;1
34292;62
46410;9
40740;6
41602;9
28414;1
32572;2
07962;3
14572;52
05591;21
50729;10
52148;20
53728;2
34214;45
40633;3
29357;11
47364;17
17810;22
13608;21
02839;3
53079;37
55359;17
02114;1
22182;23
23815;7
05732;7
13479;4
11239;1
24773;19
00919;41
12872;64
03721;27
47679;27
05341;161
08314;27
16269;4
21817;12
16112;111
19667;19
05779;39
02022;28
11090;4
12249;9
36937;5
19833;2
03434;36
06196;3
38934;11
13741;32
07774;80
25307;5
27439;6
31576;19
39067;8
05458;3
03691;28
01325;4
07121;3
50837;9
54846;4
51670;2
25018;1
01079;4
45650;48
01248;103
17345;27
11717;1
12101;13
19663;1
06728;36
20855;1
02888;1
01331;37
06962;24
53384;2
47728;11
02955;1
06965;7
42710;17
05017;42
31801;2
14862;40
55982;9
06007;18
41630;55
54245;14
19717;4
02674;2
16822;1
56184;16
05932;25
26629;4
01099;3
22002;19
14036;2
09207;86
23660;6
21519;3
57322;1
12783;22
36888;2
24220;2
02049;230
00676;34
46106;1
06223;14
18352;159
34266;273
18442;1
36720;4
29467;1
01790;10
22338;6
00858;6
18902;13
56168;35
07460;6
09440;46
50755;2
00285;77
05015;25
00999;3
02177;84
02388;28
58483;1
21784;6
38171;178
22155;2
13020;22
17322;45
47111;8
02820;10
41873;4
51020;135
48425;14
05809;47
21998;11
52102;5
21981;4
05992;12
41772;320
02384;1
02064;109
13620;9
19662;14
04191;6
34071;6
27479;40
18286;3
41500;6
21443;8
02149;10
01637;18
38364;4
18762;2
55346;11
47408;12
13037;8
21108;43
22927;16
37449;2
43379;612
04509;1
06893;141
04214;16
06517;33
17553;60
36474;1
36084;18
55532;18
47403;13
33020;15
36017;19
43034;19
15589;2
01052;22
08475;45
56943;6
42466;26
05894;9
16346;23
23640;4
51614;2
04907;154
10938;44
37915;1
01255;52
12426;13
06849;1
42670;1
15868;81
09157;8
02923;5
13881;81
25092;32
36511;9
06996;6
37490;3
06944;5
30886;5
00225;63
00847;35
13877;34
21554;8
14651;2
32625;1
25719;9
01273;8
03784;15
26116;8
00138;29
08694;21
13297;163
58621;1
07579;1
23659;13
42989;14
03454;10
03543;5
09206;37
49693;3
11462;1
03053;38
13979;32
32975;63
12917;107
04737;7
16220;99
03034;35
42193;38
40464;20
02713;14
33932;14
05888;5
12648;1
01054;17
04052;11
54589;3
13237;1
05188;3
01692;57
10799;5
03871;27
40512;2
08839;8
04307;116
21416;22
10534;3
26649;7
45646;16
02701;13
27344;6
01235;100
04936;11
03468;31
07262;91
29390;18
32981;172
20498;21
02993;19
55037;18
28362;33
47580;5
47279;61
48086;16
36895;4
38080;1
19129;1
04234;17
48401;1
05257;32
01864;88
45046;7
22356;4
00397;67
09828;23
10231;10
23036;3
13687;78
02967;28
22435;1
11363;1
38855;25
24350;4
57746;1
41115;2
55366;8
34790;2
06984;32
04826;76
03517;69
05616;9
02423;3
30335;3
00250;51
53065;20
56155;1
44594;4
11531;18
20224;41
01792;9
00882;2
16280;31
13647;21
57628;37
20407;29
37418;12
46180;3
03397;7
09811;63
51270;6
09368;6
19680;1
26700;8
21989;34
54322;10
14351;8
05270;33
38456;6
01253;28
24628;35
24318;286
13412;14
58460;1
56035;1
18527;3
55556;1
33235;35
04910;23
06062;3
02893;35
05502;34
05043;3
26297;1
14147;3
23513;25
08540;25
06814;53
23041;50
13229;4
10241;54
04146;15
16823;4
43090;3
05256;42
03296;25
29475;2
20624;4
02783;38
33612;13
21268;4
00788;12
05875;15
13331;6
47078;64
36173;31
38728;162
57156;1
09312;11
00677;5
29237;2
17589;12
33232;71
05073;7
38147;9
51552;3
40415;6
01855;64
41458;13
07716;38
09796;8
19045;28
07108;10
55792;13
01275;13
02707;18
27256;226
23104;5
02827;29
20091;2
23037;8
12850;2
21913;39
26402;17
30393;99
27438;1
02290;103
05397;112
00775;44
03028;56
26396;3
32199;7
33449;4
39376;21
06484;27
31742;42
32835;8
45110;1
16903;31
21528;24
25051;7
19883;5
03121;207
50013;3
29311;82
00510;259
56245;13
07831;36
44944;1
52185;3
07548;49
12474;20
03151;5
02789;27
44312;25
18475;44
24676;63
04620;1
00951;3
44827;4
18400;11
11622;7
00600;9
21488;7
53646;2
00914;119
12826;16
30391;6
47036;39
34659;3
22372;1
25000;20
47859;13
15078;12
23535;10
16309;1
03019;427
01178;143
53669;8
00449;2
06213;96
13409;12
03632;8
49488;5
08689;23
09799;12
07719;44
29255;2
00641;75
09317;15
47968;1
21216;2
44148;3
57415;1
20893;1
20204;5
25562;3
45934;44
04200;8
19330;2
52180;8
20641;13
03076;37
06873;12
00496;31
54034;15
49117;1
15152;2
05440;4
23578;10
45357;5
25170;2
30698;65
09572;15
11942;24
00625;2
37988;16
01928;20
12171;3
08898;1
04389;14
10101;25
55521;4
40754;59
02642;12
19283;52
19962;6
56085;1
04008;7
07474;45
24610;3
24972;2
06184;16
11072;11
14043;1
00126;12
41678;9
02208;30
57515;1
07544;11
29299;46
49575;8
03392;69
24368;80
00004;9
41883;3
48501;9
02154;57
06099;25
28234;1
09730;2
14020;8
28709;1
47488;11
01814;68
49373;8
34164;33
48614;19
47368;3
53820;2
26149;2
46171;2
02629;186
48043;78
06455;2
36892;1
24557;5
26353;24
02252;95
02924;49
03748;16
11992;4
39602;4
18277;12
20171;5
03878;5
09456;2
11973;8
06584;3
03671;50
01943;37
52145;2
38256;28
09173;14
09431;17
33144;53
48281;4
13143;20
48870;4
30227;11
36132;92
35098;2
02264;38
04803;35
55506;4
05658;32
48103;16
04302;3
06094;144
55704;3
34149;60
12944;38
15942;150
34599;132
02018;20
41395;4
17470;1
07277;1
41849;60
17219;4
11297;159
24808;8
11206;6
43632;3
01434;53
13760;15
51116;21
14599;1
20166;23
03343;4
41601;4
05529;5
10155;143
57430;4
32603;29
00871;31
03902;89
02653;31
51979;6
22328;82
18267;15
20000;12
17310;17
12336;14
53594;82
12979;80
03961;19
05304;28
12405;9
18578;44
05366;95
11272;16
58224;9
02981;35
04465;1
13103;252
09673;96
39468;2
28895;12
03165;36
34696;5
06751;17
25690;14
02201;125
05743;22
18868;13
20416;26
28801;4
18041;9
45599;14
12006;34
10447;4
12013;1
20118;34
00435;53
54979;2
18314;18
11284;15
24138;6
04629;71
43612;34
27138;8
27493;24
03116;12
05593;12
34770;16
01995;31
56118;27
30185;28
02965;52
21750;11
16886;33
50753;20
02620;6
18816;37
07782;32
10078;17
05522;33
06111;14
37279;5
28935;3
11734;8
03845;26
05299;3
27827;51
18714;4
02354;9
52059;40
05278;60
40587;1
11329;2
50694;72
35040;62
05381;21
15556;20
55716;1
48071;4
03117;137
20942;18
46838;8
07626;31
02369;9
07432;10
00379;5
07823;22
07972;13
51280;3
56286;1
58399;1
13466;3
12536;1
02538;21
03239;40
29279;3
40369;9
03622;15
04666;5
11414;25
22772;2
02426;1
16383;68
02003;10
06679;5
32099;6
03433;15
39173;64
52476;178
57642;6
11929;21
09821;36
20463;14
20394;2
09881;14
19459;6
56461;1
09773;25
05062;15
55526;31
30994;15
24784;24
03488;76
23031;1
29919;3
30171;12
26223;26
55971;3
00822;11
21975;2
00409;17
10264;2
49272;26
27691;7
05799;7
11708;6
09938;49
10532;80
39508;10
57658;9
58108;1
21469;28
34507;10
40541;4
53402;1
31469;2
41868;27
04253;100
22215;7
19379;11
11292;51
00718;27
03204;105
22263;14
02040;10
08203;32
02127;45
48302;1
05594;11
16333;28
05846;12
36841;17
35926;59
38791;13
40102;4
27513;2
23898;3
03279;5
55054;4
13920;25
16330;4
37560;4
35305;2
32489;1
00184;47
21218;1
55833;3
57627;1
09073;1
02448;14
28440;6
56227;2
27885;19
25401;16
02879;22
23147;37
20058;4
34127;32
04773;30
55767;2
09075;15
24223;163
24711;50
26591;23
33780;10
03456;40
02901;13
03615;181
16977;10
39800;1
10838;18
10796;10
31453;3
21017;23
25263;2
59408;7
02126;24
04751;12
29911;11
42770;31
12185;2
10568;14
10899;4
23997;1
04110;12
09913;4
04319;22
22522;1
21235;6
00614;12
07105;11
28321;6
19645;29
38158;4
13845;2
32684;27
05084;5
00401;51
33860;251
08894;4
34036;8
03370;120
57413;1
16033;21
57470;16
03802;3
01861;6
07766;62
09746;4
11045;25
55010;1
09234;38
15883;24
02582;11
36891;11
46983;10
35163;5
01436;11
08462;37
43205;3
50778;36
53944;2
17279;3
12128;1
04024;18
04948;16
00549;34
24389;2
58370;1
01318;161
42879;67
26457;1
45652;20
04333;24
05343;11
57731;2
36945;46
42784;10
36924;23
55011;1
37546;1
14648;8
12266;63
25426;4
18878;4
55143;1
58537;2
05196;7
57315;7
04776;12
54428;29
02769;27
09920;10
18963;18
58534;2
22716;25
44797;5
02050;109
55199;16
06626;17
55172;10
05435;48
00536;5
11730;3
18820;159
29941;16
54775;6
01738;50
19722;3
51787;5
21408;28
10429;44
08159;10
13989;9
30769;9
33522;12
01351;29
20343;85
08585;31
02075;13
02407;47
17007;11
03002;36
12341;14
47431;11
28476;2
15115;6
31843;3
07748;9
35942;92
26727;11
01185;58
04294;47
06686;12
05746;47
07288;22
54294;6
00721;1
11615;6
33610;631
22884;17
09951;16
10392;7
08477;3
52784;14
09709;20
14150;4
29850;4
04959;64
34166;63
51299;72
01773;8
09806;4
38380;36
47937;21
11506;1
11334;4
10317;45
03168;41
06509;27
04990;2
05178;10
06864;31
01672;19
04083;63
35888;1
56206;12
18036;1
30327;34
24520;16
15196;1
00796;101
27461;49
52678;14
38294;3
53809;10
28792;11
04754;10
00705;7
26017;17
00247;3
13609;2
16712;1
00540;204
05832;12
32070;76
54138;1
37752;4
05572;13
02612;22
17209;3
10718;6
10953;13
07866;7
30269;4
23591;36
00743;18
42732;4
25538;15
43453;67
08172;2
00603;11
25204;7
05771;1
04179;36
06502;41
09905;3
16355;14
22672;1
26245;16
22037;12
04486;1
48211;8
46934;1
06124;9
45950;1
00115;9
12628;75
07188;12
02054;2
10228;97
37739;23
11781;10
11331;13
00768;1
12653;77
41469;12
28450;58
11874;10
37833;12
41253;3
26296;24
11084;5
34547;1
07405;70
35589;5
20639;16
54144;5
45841;1
01868;7
33166;5
23891;20
04121;37
52110;22
15331;1
16278;47
13810;6
21185;16
10854;36
05280;7
03704;46
55124;4
22619;21
58889;15
19191;1
15827;61
42974;18
19964;5
14547;8
55860;77
01012;158
03297;15
17508;10
22756;10
12662;1
45203;16
11773;96
44866;4
03010;70
30080;7
11340;16
52012;17
09094;1
23045;1
16808;27
24428;1
06014;21
02876;7
06049;91
00880;1
01009;8
07993;26
43095;1
28145;1
48020;7
58004;1
00777;27
08218;25
02090;10
32917;16
29773;18
50900;1
34195;20
15188;11
47367;5
55130;1
58140;1
36612;17
51140;2
10602;4
04403;4
16425;1
18390;4
22981;1
03308;158
08112;43
07086;15
32792;34
22499;3
28346;3
18971;11
13115;21
33918;3
26323;29
34121;70
09143;27
07163;13
15231;6
09325;10
25142;8
12250;78
26455;151
33116;4
09053;74
23780;7
36827;6
03682;11
30289;41
07585;13
18294;39
27084;7
20057;36
19893;32
10204;10
03144;3
21729;23
05966;16
04085;28
53291;26
30010;1
05485;8
57313;1
10249;133
15875;9
08863;15
23440;35
12800;7
21943;1
39667;2
09519;2
09376;17
00099;1
29407;3
34557;31
22730;12
06376;4
05513;10
58485;2
01929;12
01109;6
26504;3
31854;2
57211;2
54904;1
49049;52
